id,lon,lat
bdnb-bc-11KJ-QYPT-2L5R,-2.8733449868404,48.3105209782169
bdnb-bc-3C55-NXWX-82PW,-3.30555500184679,48.6214460307688
bdnb-bc-PQM7-1T1J-X8CT,-3.30894202039214,48.6360659857561
bdnb-bc-3NDZ-4XC5-E3KX,-2.0829419549386,48.4121059713399
bdnb-bc-UN6S-8KMM-1DNC,-2.43551600677363,48.5747999994754
bdnb-bc-3G36-WTPU-1CTM,-2.23684397168928,48.4977219906269
bdnb-bc-6QGY-6ZZF-SFAQ,-3.00205697145195,48.842208011281
bdnb-bc-A5A2-WVYN-Z545,-2.25105704633415,48.3143000205924
bdnb-bc-5YRF-USQB-BYBT,-3.3259720169995,48.4285709870342
bdnb-bc-PRG7-A6HH-DGHG,-3.44647302576617,48.4087310182261
bdnb-bc-YPZD-JT4A-GP1S,-3.1051629556758,48.3395370092805
bdnb-bc-DA2T-71N3-FVV6,-2.15944399633238,48.2799630135735
bdnb-bc-FDTR-R3F4-G97M,-3.33916206370003,48.6724529797622
bdnb-bc-BDRS-CPV1-2SA2,-2.65631394076793,48.132872037719
bdnb-bc-RX2K-2MJE-PL7D,-2.59610202156013,48.4813420041115
bdnb-bc-A5PN-RUAC-L9Y6,-2.61135395346916,48.2432410388204
bdnb-bc-PCGU-JTHW-JMNC,-2.39517895295844,48.269879025867
bdnb-bc-RDD3-ZTCA-EG9Q,-3.05897002909942,48.3125509763681
bdnb-bc-78VT-4B96-N935,-2.16822102649194,48.5343699961498
bdnb-bc-622V-QQWB-MBLZ,-2.05510597598993,48.4543100033744
bdnb-bc-GPJE-LU6G-3BGY,-2.05820006277139,48.4511210345846
bdnb-bc-TZM9-4N9A-EEMU,-2.04972503011933,48.4616900199138
bdnb-bc-1ASH-W8H1-QJJL,-2.43836248363828,48.6357113791434
bdnb-bc-CWFC-3BDX-6RZ5,-2.44492869158796,48.6374892553852
bdnb-bc-RVPA-LVZT-JDZF,-2.44717705784453,48.6281280109427
bdnb-bc-54WP-1ZGH-BJ33,-2.82451501028076,48.6087359916298
bdnb-bc-ESBY-4SZG-3R86,-2.83714950626807,48.6110001426794
bdnb-bc-RTN6-RWXF-L8TS,-2.83335405135989,48.5959690403597
bdnb-bc-JQ38-MWFU-4AML,-1.98441106101729,48.3732719613955
bdnb-bc-MB6V-6FNY-KA2W,-2.75072005024965,48.2823030021507
bdnb-bc-T9K5-WDFE-3JMV,-2.48596198222446,48.2014389600348
bdnb-bc-QKNT-K2ZQ-U9J1,-3.01764595855143,48.60428296312
bdnb-bc-XSW3-U684-UR14,-3.16830298058466,48.5538260362803
bdnb-bc-EL36-E127-2GBE,-3.13908901711123,48.5593890279666
bdnb-bc-J9EN-742U-GLLV,-2.08110500889304,48.2874490084757
bdnb-bc-7KL8-95RF-K5KM,-2.3764069481552,48.5567800196226
bdnb-bc-84NS-XMZ4-LHKU,-2.66940800954263,48.3714640092697
bdnb-bc-B5QM-PQ2J-JK3N,-2.6690599485111,48.5165370155583
bdnb-bc-62F2-Z5NF-SR89,-2.07779696784636,48.4036320404077
bdnb-bc-H7ZN-TL6B-ZKMW,-2.33418903529987,48.4064979802648
bdnb-bc-EVUT-799Q-1TGY,-3.31988995289634,48.3090959920932
bdnb-bc-1BKR-RA5F-QHPK,-2.47393994731113,48.4718999657033
bdnb-bc-6UYG-PA6H-MPUG,-2.51696105057693,48.469010013647
bdnb-bc-CZ82-ZT97-HKQR,-2.50159800058393,48.4751900395408
bdnb-bc-K8NA-5CST-NXRE,-2.51271997465796,48.4699200058617
bdnb-bc-S93R-VXLU-PNAU,-2.50646993914896,48.4622099965418
bdnb-bc-ZFNR-K5M7-3N8E,-2.5072579489264,48.4801180331672
bdnb-bc-Q1TE-UJ2G-E5RH,-2.14640196742122,48.6023730290053
bdnb-bc-AG8N-YSVQ-PWSE,-2.53944204798016,48.4298360396355
bdnb-bc-W8HC-N4GF-Y5HY,-3.2799339741652,48.7510699782492
bdnb-bc-YA1W-41YE-T5NC,-2.14017805028161,48.5020929704065
bdnb-bc-EXMV-8FYF-N4GP,-2.70253493592586,48.4871559951596
bdnb-bc-XKVQ-SLG6-YUHF,-2.68462801220414,48.4924420336893
bdnb-bc-26RL-B43Q-2GJF,-3.35231300771412,48.7386579583606
bdnb-bc-3E8N-4SPA-3DZJ,-3.53576498069993,48.7389660228257
bdnb-bc-96P7-F9QE-3T2H,-3.45274597051847,48.7297920400185
bdnb-bc-FME3-ZH2X-4UVG,-3.4805819932188,48.7355850397434
bdnb-bc-N2B6-UM2T-JLKA,-3.4513500465877,48.7251179778776
bdnb-bc-UL9W-65SC-1P92,-3.53811494947701,48.7449660466406
bdnb-bc-E5L5-RHHT-PY7X,-2.27311072982771,48.2155983336976
bdnb-bc-ACF2-HUKU-QG7Y,-2.92710805821901,48.5918759919117
bdnb-bc-DCWT-1TQU-1U3S,-2.03716004875539,48.4560040210189
bdnb-bc-GACP-KHNH-QE7U,-3.54125099715718,48.6306529904411
bdnb-bc-QTA7-PB9Y-2DP1,-2.52352300295517,48.2129129665559
bdnb-bc-YA21-7TV7-UC6J,-3.0889310242195,48.8268219745931
bdnb-bc-AAFT-BNBF-875R,-2.23993303018917,48.1791460133486
bdnb-bc-PCQZ-M39N-WL3V,-3.40376104467745,48.7970239619693
bdnb-bc-Q1SK-SVSQ-W1DD,-3.34439901362396,48.5641779549094
bdnb-bc-A4MA-9PTU-JFNN,-2.81104404444226,48.1701039997991
bdnb-bc-NXP7-891L-TFWZ,-2.74203102926148,48.175472995698
bdnb-bc-9K9S-UB4T-U6NA,-3.38097698081829,48.299844999915
bdnb-bc-48HZ-9VWB-XRH5,-1.93675996545788,47.7537560388286
bdnb-bc-9FQE-AX99-F4PW,-2.11359706384833,48.6374140091357
bdnb-bc-UJBJ-Z85F-SKR1,-2.07991594880309,48.6254629969042
bdnb-bc-2YQC-BRQ9-CMPZ,-1.97794701338002,48.6155410119784
bdnb-bc-5MZC-BKXV-QC26,-1.99420697038851,48.6406569855223
bdnb-bc-8L78-TFPM-D2MB,-2.00818102917302,48.6261579680902
bdnb-bc-BHA4-1WR5-Y79U,-2.01659203722566,48.6401469592336
bdnb-bc-EDB4-TK2K-9RLD,-2.00627400057103,48.6322780006513
bdnb-bc-14NX-5653-6WV5,-2.27346901592643,48.5967109858336
bdnb-bc-HF8D-ZBXU-J39B,-1.99377201542365,48.6451640216437
bdnb-bc-LKET-KGLF-L8KL,-2.01433797661262,48.6383679737272
bdnb-bc-PNB9-ZM7T-NZW7,-1.95663696359948,48.6144649798626
bdnb-bc-T3BX-X5D2-6FRQ,-2.00595594645206,48.6278780408612
bdnb-bc-WN2S-H43Y-PMA5,-1.99465206068253,48.6584879805782
bdnb-bc-2XUE-YLQR-9NRL,-1.77970505252778,47.8704420424324
bdnb-bc-HNKW-5JJ6-UX9B,-1.4086500499944,48.3647309738052
bdnb-bc-XSTL-NDN5-X4UB,-2.03345006174096,47.6805589734296
bdnb-bc-B2V4-9MQA-DTMV,-2.20578496783752,48.1876279685829
bdnb-bc-4LGK-VWFA-MLQ3,-1.90753500918967,48.6327190339926
bdnb-bc-NQZM-TJ6A-7STT,-2.85516303453929,48.5096199964288
bdnb-bc-UZ93-L22E-W8GC,-1.90500298281731,48.615556957544
bdnb-bc-5KPS-UY4H-CKB8,-1.41693003117626,48.3357709842332
bdnb-bc-QEV1-2ZKR-QFLS,-1.92635293511964,48.5646630296303
bdnb-bc-BTV9-VTJT-HCAX,-1.92050432380219,48.4670687014739
bdnb-bc-74QS-HNB7-YMH8,-1.57098294056403,48.3700220290513
bdnb-bc-AREQ-J9H1-4PWF,-1.78922394499494,47.9045220271994
bdnb-bc-C2KQ-YNTX-P549,-1.57943300935565,48.2135399628464
bdnb-bc-3P48-FTVW-HLAE,-1.92841000873249,48.0499269790883
bdnb-bc-7BTT-RZS8-P99K,-1.61019693975546,47.8946670319881
bdnb-bc-SFSQ-YKBB-48VR,-1.53369697725044,48.3289859764008
bdnb-bc-ADXN-9G9Z-3M6Y,-2.4248469642303,48.1999520076428
bdnb-bc-W1RA-KGE4-GG3A,-1.46514303430415,48.1129779699957
bdnb-bc-7SVP-M1UR-T2TX,-1.50018696878037,48.4910949934793
bdnb-bc-PEYW-F6CJ-KX55,-1.92314306240559,48.1059439718481
bdnb-bc-W2QA-VD5H-SQAY,-1.42652995223114,47.9188559761448
bdnb-bc-JFDB-PLZH-CC1K,-1.58809196649204,48.1564790263911
bdnb-bc-LRP5-C1R4-2D8D,-1.47977504189428,47.8583310306011
bdnb-bc-T8D2-TRY9-DFRW,-1.82948505953684,48.3326060203118
bdnb-bc-MFZY-WEZQ-729A,-2.00583894142726,48.0399110261708
bdnb-bc-3KA7-23EH-HQ4M,-1.28278869193265,48.180757056072
bdnb-bc-4QZQ-PCLP-XDCC,-1.94486006798021,48.0686570246306
bdnb-bc-PGT9-J2M7-K46L,-2.90912802013681,48.3055840142813
bdnb-bc-D28L-S3FB-GYHJ,-1.61656695024987,48.0547249699363
bdnb-bc-WWUV-85KB-6A1Y,-1.62752500359257,48.0706950079554
bdnb-bc-TEKF-EB3H-EPSG,-1.76004001481504,48.1165360313785
bdnb-bc-J2Q1-JQUH-XETQ,-1.78470494254223,48.2468229629084
bdnb-bc-QAKP-DXGU-H3JX,-1.29447595308298,47.9637120057535
bdnb-bc-7WAW-JU2M-C7EB,-1.19213194284147,48.1202719617716
bdnb-bc-FTMC-YJHS-JBXU,-1.19713803804932,48.1211119892995
bdnb-bc-PU5U-RXF5-MBDF,-1.19630699127241,48.1205139662707
bdnb-bc-YL58-MNUQ-GFHU,-1.20145997783098,48.1216800116575
bdnb-bc-3XNS-EA6V-MZQB,-1.69885306589068,48.0117619950197
bdnb-bc-1JYY-T3PH-6R1W,-2.74644498674974,48.2331830132017
bdnb-bc-4KWB-DYM5-Z4MC,-2.17201297472114,47.64554000434
bdnb-bc-XS1S-JZFS-6JS8,-2.17253001639795,47.6115589998442
bdnb-bc-ZAEB-F58S-E1BN,-2.55903395821957,47.5550069612085
bdnb-bc-HV9B-ZML6-5HA3,-2.81023902871952,47.6474879682284
bdnb-bc-7QRR-MEFM-BLMD,-2.37888398799548,47.5225799814205
bdnb-bc-6QUV-4HY9-73L8,-2.90522696346099,47.5496419913634
bdnb-bc-MBZ6-Q81L-3PWR,-2.89613397371663,47.5534699575126
bdnb-bc-CC9X-ALVG-6FJP,-2.25579504027622,47.9281219633818
bdnb-bc-8WP6-GE7T-K4FF,-2.98485602120319,47.662966966192
bdnb-bc-MKJP-366V-LM8P,-2.98450301853902,47.6670850314811
bdnb-bc-BTJM-PY12-ANN8,-3.52429903439962,48.2708210122027
bdnb-bc-253M-19CS-1TLH,-2.86904598871413,47.6026190188764
bdnb-bc-GYT3-4EGH-WP2H,-2.89263401148905,47.6248030327469
bdnb-bc-3BCY-QRUD-J7ZU,-3.21354304055202,47.3242420255064
bdnb-bc-3C22-AJA2-EMWY,-3.02941699850496,47.9031290416985
bdnb-bc-KMKU-KZ5W-SYB3,-3.00016401023318,47.8909070142666
bdnb-bc-7NFB-GU18-FWZT,-2.26589293663873,47.5851659976549
bdnb-bc-WFRB-7ZHY-MAXK,-2.16471095745742,47.9722409579599
bdnb-bc-JZTK-YMUD-XB5J,-3.16824300926943,47.6768620282329
bdnb-bc-HX6E-CRKX-H1ZM,-3.36101698908295,47.9434819941124
bdnb-bc-5J6R-8ZFV-TWBS,-2.80772698911907,47.8861180254999
bdnb-bc-SDWH-CHY1-EZU4,-2.98178993179121,48.2029639789907
bdnb-bc-ELW5-BMEY-CTD8,-2.49043002207704,47.532789036423
bdnb-bc-Q212-3BZJ-P38A,-3.1850240392901,47.7963670055111
bdnb-bc-7RMZ-97J8-86LQ,-3.00366700184038,47.7372369679305
bdnb-bc-PW67-QXLW-WFNN,-3.01664900430654,47.7133370421266
bdnb-bc-JXG9-8XYW-AK4C,-2.69147404004358,48.0557589970828
bdnb-bc-K5JQ-GCVN-V4AD,-3.17351001649349,47.9637900395466
bdnb-bc-HL1P-GPQS-LBXQ,-2.32649598178107,47.6402440010901
bdnb-bc-Q4UM-MU6T-HW6M,-2.38917206234783,47.4958449809498
bdnb-bc-RRPQ-J7B8-RZTM,-3.03465196500078,47.8353119795766
bdnb-bc-2PAK-1BYV-Q85F,-2.12606274248567,47.8264207601418
bdnb-bc-KBWX-5W65-8YR9,-3.14301096305717,48.568156025814
bdnb-bc-U4X7-5CFB-J79Z,-2.14685495455202,47.7935469929013
bdnb-bc-7ZMT-ZDJ6-EDEP,-3.07049901230631,47.5754200158382
bdnb-bc-HGC6-L3JK-13QR,-3.07061797067715,47.5729350139921
bdnb-bc-TSBV-G4KT-J2H5,-3.05917304513423,47.5830860105285
bdnb-bc-VM5Q-6KNV-5BKL,-2.38335702148289,47.8415059940817
bdnb-bc-GZYQ-B323-JHWB,-3.34149400679378,47.809161960063
bdnb-bc-8APX-3BSN-MTK8,-2.92890895327808,47.8744230323448
bdnb-bc-QNQA-UJ6K-7D14,-3.38769601151982,47.8564709703473
bdnb-bc-NA66-J34J-P6Z6,-3.10121998502128,48.1216909620989
bdnb-bc-1C1C-GWAL-FXDM,-2.20951202807656,48.0738220230368
bdnb-bc-7L9L-63AQ-4MPN,-3.05394600298299,48.7839730256646
bdnb-bc-3DZB-7FD4-ZM8H,-3.00411803738677,47.6166049634573
bdnb-bc-RPBE-Q7Z8-WGPR,-2.99748387029061,47.6211263294253
bdnb-bc-JAHT-4PKM-T35A,-3.3784345615479,48.0647211871604
bdnb-bc-57PC-ZUX3-MCT2,-2.56763205851881,47.5237680164513
bdnb-bc-MAQ1-2R1K-J9S2,-2.57275500835972,47.5185830101669
bdnb-bc-5542-KXN8-T6XX,-2.58443603828248,47.7396040100524
bdnb-bc-PLZT-4QED-69HF,-2.57914498924971,47.743269041881
bdnb-bc-8LNH-VL26-V151,-3.14896796293573,47.640772965724
bdnb-bc-TPZM-4X5Z-Q3AT,-3.16601701665683,47.6401290243714
bdnb-bc-MDYX-WXBF-2K1D,-3.19252001699541,47.6498940082381
bdnb-bc-L7QG-HEVM-MNGG,-3.00797702493516,48.7591210166247
bdnb-bc-G3FK-8NCR-31DW,-3.49344805106807,48.0319039795675
bdnb-bc-BM8L-UJKU-RZ9Q,-2.30325406650159,47.5127940268685
bdnb-bc-AP4D-XXS1-XDGP,-2.19895370934762,47.7389496152384
bdnb-bc-FQHS-Q6A3-GLC6,-2.13997903819865,47.7694940047481
bdnb-bc-FYEY-6S76-YBST,-3.35350794569109,47.6952190225818
bdnb-bc-2KUC-86FN-XKPY,-2.35714605483328,47.9345249788949
bdnb-bc-FZH9-LZDC-XUQV,-3.58488296817634,48.1632930254561
bdnb-bc-3UUH-MCTV-TAVW,-2.86313097193353,47.738033026745
bdnb-bc-PQG8-QEZS-DYDD,-2.80653599076308,47.7833309863589
bdnb-bc-6KMA-8BEB-41NS,-3.42479106379772,47.6342829933491
bdnb-bc-ZUNV-V2U1-L2QK,-3.08686303980254,48.7656299600166
bdnb-bc-RTKD-13LS-7A97,-3.4625960812694,47.6327855823819
bdnb-bc-LK1P-BRMR-W45D,-2.61441643410297,47.919457721367
bdnb-bc-ANYS-E4NX-RBA3,-3.20381703431982,48.0681969759049
bdnb-bc-2YS5-QEP1-DAVE,-2.11224103364624,47.8601469591948
bdnb-bc-MSSM-HLUY-KAGH,-2.13191900197715,47.861619009052
bdnb-bc-PHMN-381P-JHQ9,-3.07442403725854,48.0283850115325
bdnb-bc-5PWU-UN9B-33GX,-3.48714704534807,47.8106389886668
bdnb-bc-ENRF-HNYF-NWZK,-3.5036249577374,47.7848119810906
bdnb-bc-Q7VK-WHW5-E4HE,-3.51411503757027,47.794907978108
bdnb-bc-32PC-1BSL-1RW8,-2.53120297057196,47.9397310200604
bdnb-bc-34XZ-D296-MYG4,-2.4940900154862,48.3743359915623
bdnb-bc-SDV6-16FE-8RVQ,-2.41196197196122,48.044160010576
bdnb-bc-L429-BKYT-W2GL,-2.48835296113364,47.9814979669978
bdnb-bc-8WZA-9ZTV-RKRY,-3.23910302870699,47.817479043603
bdnb-bc-HTH3-U3F2-V2MT,-3.28473703775394,47.8041819958333
bdnb-bc-T3GR-CXM4-Y696,-3.27987604022579,47.816247004341
bdnb-bc-TP49-A4RF-KMUX,-2.68945200891,47.5769950259254
bdnb-bc-VSW6-948B-MWQM,-2.84490796199154,47.598444974399
bdnb-bc-N62P-TYFW-YM65,-3.26038103778926,47.9469250330844
bdnb-bc-CY7P-D2R3-23TC,-3.2635270432069,47.8235829849965
bdnb-bc-X95K-2577-AZQP,-3.2485529969975,47.8357319915925
bdnb-bc-HPLQ-9YJ7-ECJ3,-3.30869403112803,48.8335599819155
bdnb-bc-4TAH-T8AT-7U6F,-2.83963001332298,48.050625972399
bdnb-bc-8C4C-YZVB-UP6P,-3.23397803907872,47.7604750387101
bdnb-bc-RVED-FBEE-FFU2,-3.25206304254597,47.7946050060833
bdnb-bc-NL2D-C19W-XQQ9,-3.07702193492426,47.7390649817619
bdnb-bc-PJJG-1UZB-ZCF1,-3.11500095426515,47.7652289972278
bdnb-bc-57WU-5BGK-F5H1,-3.34195299227994,47.755589037654
bdnb-bc-BPSW-LP5P-QYN5,-3.34673503045856,47.7676980374149
bdnb-bc-JMQ9-6U9H-ZBXK,-3.3178649800348,47.7677370218447
bdnb-bc-RZPP-2TZ5-GVRE,-3.33563099382582,47.7508770364265
bdnb-bc-ZRLG-4Q81-1FLX,-3.35927199269236,47.769786995753
bdnb-bc-317Q-8HEU-UMHU,-3.44969200412215,48.8092529664299
bdnb-bc-U2VR-H6AG-8LPH,-3.51896001199141,48.1280040198219
bdnb-bc-C2WN-SUG8-RM5K,-3.2083880365294,47.8182279685999
bdnb-bc-SGAR-9S3D-CHSD,-3.15313797635784,47.8326219567977
bdnb-bc-JBDX-GRH8-4E7N,-2.57247702747649,47.98668098339
bdnb-bc-C1KQ-MNB9-MBYL,-3.55595093186099,48.0004709711782
bdnb-bc-1Q7X-ZTAV-PEYV,-3.39030502993689,47.7043300384017
bdnb-bc-DJZN-GSE6-P9J9,-3.38077694949994,47.7143700037179
bdnb-bc-RYKD-G6VZ-E4H6,-3.40141201200222,47.718993993625
bdnb-bc-5JJL-Y599-SHYB,-2.57009802071977,47.6197430201987
bdnb-bc-AEJT-DEHM-SWLS,-2.34342499457324,47.6376880285523
bdnb-bc-BZAE-B4XZ-7V1Q,-3.45008394730596,48.8083599956661
bdnb-bc-QVDR-1EZE-1KMB,-3.17440695067391,48.077129027766
bdnb-bc-3SPK-C39G-7QGM,-2.78232905236518,47.7581499740416
bdnb-bc-FMKF-9PLW-LFQY,-2.96474099206394,47.5851950300088
bdnb-bc-BFCF-28KT-H13W,-2.83825099155497,47.8799580228563
bdnb-bc-55JN-LK4Q-TZDY,-3.34327498505942,47.7258540287458
bdnb-bc-VCCV-RL1N-J4QH,-3.34078606619824,47.7224809945608
bdnb-bc-P19Z-B72L-J4DV,-3.1061970580029,47.7082730266147
bdnb-bc-17H7-BFAU-NRKL,-3.38327605813262,47.737667988673
bdnb-bc-4W3F-TWA5-RKUW,-3.35938498465532,47.7560650007812
bdnb-bc-8PN3-4U94-TDD6,-3.38309994805373,47.7413399921663
bdnb-bc-MD7J-VF83-NSEJ,-3.45276004353833,48.799069960656
bdnb-bc-CQ5A-M1ZM-8CBL,-3.36751596357454,47.7571799856766
bdnb-bc-GUPD-VTSJ-MNR8,-3.37244206006958,47.7398990393904
bdnb-bc-LW7Z-6YKG-KDXH,-3.38406304988149,47.7640939624788
bdnb-bc-R8FH-X6J5-1Y5D,-3.38704696500825,47.7388009941051
bdnb-bc-VL46-9WD4-2QM2,-3.38303301736589,47.7398809745998
bdnb-bc-1E5L-R7PQ-VDCN,-2.39481295841489,47.975762969482
bdnb-bc-C9RB-Z4TQ-PKE9,-2.29617104777668,47.6799809708982
bdnb-bc-JNB7-J598-LLD5,-2.38878703417704,47.8082130208885
bdnb-bc-ZMV7-1H89-ZM2J,-3.03601795549968,48.0442809788874
bdnb-bc-183A-M93N-6KDD,-2.27925001175284,48.0823109953777
bdnb-bc-XKUM-DMEK-CDZ9,-3.48178198717972,48.8248769703795
bdnb-bc-TWUV-HL3V-1C5P,-2.27808803539028,48.046684001003
bdnb-bc-ZKXQ-BNEE-RH9F,-3.06180700768125,47.9635590248166
bdnb-bc-A779-D9JF-6CLS,-3.23057600419101,47.7408049933841
bdnb-bc-L66M-B2MM-BFDU,-3.41898805004972,48.0100230158049
bdnb-bc-GF5G-GE2R-8SLT,-2.3723710126632,47.8211630212306
bdnb-bc-PBRP-5X7V-GBT4,-2.43313702156275,47.7305039952381
bdnb-bc-KNR5-2X1A-6Y5J,-2.69086802697519,47.7118879934797
bdnb-bc-DL8Y-Z5EW-BMYU,-2.82967894447053,47.8922799824517
bdnb-bc-K6ZG-S1AS-ZJTJ,-2.81537296498093,47.8637890267521
bdnb-bc-ECKX-8ZD2-HJ3A,-2.47837695961923,47.562041961418
bdnb-bc-5376-RRLS-XJ12,-2.81204500423639,48.40667203864
bdnb-bc-1BZB-ZVD1-9DMS,-2.89539601931337,47.9301930214047
bdnb-bc-T5HJ-RFAY-2TJC,-2.88834100833396,47.9363080205816
bdnb-bc-QAWF-G61R-2S4Y,-2.95349405503716,48.1158540156968
bdnb-bc-GQKN-BEF4-XUWF,-2.2178299736178,47.5608260051799
bdnb-bc-BT24-HJ9Q-BS1Z,-3.19653297670369,47.7585390203564
bdnb-bc-P8JN-AP56-VACH,-2.45728296715435,47.5955979803858
bdnb-bc-K9SP-1YLQ-EGEM,-2.92020926528918,48.0516675947182
bdnb-bc-C6A6-YKQF-HJ9S,-3.16619494606359,47.3451119622483
bdnb-bc-6H6X-M6Y2-M5Q1,-2.35644704908355,47.5810699908757
bdnb-bc-69HP-ACVG-8T2L,-2.23982451215052,47.7380298223212
bdnb-bc-U63T-2YVL-879Y,-2.81953698462299,48.4165719720443
bdnb-bc-5UJN-ZW56-QWG7,-2.48941094381361,47.4769540047812
bdnb-bc-K5WV-3VZ1-HCUH,-2.47209665030861,47.4843243568381
bdnb-bc-1S8R-3KM1-TR2W,-3.19511795749512,48.0260740468799
bdnb-bc-4V28-JL28-21VS,-2.81173995487611,47.6982649677659
bdnb-bc-W2QZ-Y167-78BD,-2.81160899255219,47.6791349621951
bdnb-bc-D2F5-9GP5-WWRU,-2.68571401821689,47.9830740067567
bdnb-bc-MT1E-JJQZ-9PB8,-3.07181504031607,47.659317981775
bdnb-bc-4F4V-K32H-VY95,-3.43167795524206,47.7011980426223
bdnb-bc-AA85-D13Z-1BTJ,-3.43540697748016,47.7018579870268
bdnb-bc-GAJL-HY9A-HCHQ,-3.4333039708496,47.7037270385721
bdnb-bc-VSXP-D8NE-T4TH,-2.22056700619712,48.5156709927444
bdnb-bc-NNPY-RFFD-E4VW,-3.43672598225519,47.7299339773487
bdnb-bc-URJ2-BNMG-EASS,-3.41951897898304,47.7419560237171
bdnb-bc-87CV-2M2A-9U6A,-3.27910796425681,48.0897759960675
bdnb-bc-BTJB-RZWK-ZEAV,-2.85131400333616,47.6586919666457
bdnb-bc-WZHF-RZ5K-7LJR,-2.80441805360498,47.6746389832453
bdnb-bc-9KBY-YVXJ-YNTM,-2.38990796514159,47.9367490457794
bdnb-bc-LNNN-YBU1-FNWY,-2.40173900238943,47.9209140101799
bdnb-bc-ZAKP-HM91-79RY,-2.39947799091357,47.9115410203457
bdnb-bc-HDLZ-3EN5-VPX6,-3.32593503370473,47.9204680118888
bdnb-bc-99KR-QZJK-SYT2,-2.91467298954116,47.6353850173736
bdnb-bc-ZJ5M-4BKT-VG8U,-2.39722301158194,48.4642679840028
bdnb-bc-CL3E-FCGL-LQQ6,-3.09830197808808,47.6203539606876
bdnb-bc-651T-NV3G-1VXA,-3.25649498535817,47.7013440452741
bdnb-bc-LPVB-VUNB-8P53,-3.25376197886441,47.6949649730411
bdnb-bc-8E9C-UVYZ-8V9K,-3.4096230638729,48.1307779778177
bdnb-bc-1N2C-LZZD-F7PE,-2.59400804071644,47.8463010094787
bdnb-bc-23S8-2UEM-ST2S,-3.03406904799623,47.9793609682794
bdnb-bc-MEU5-EMUH-3FHV,-3.00420893480349,47.9533610054829
bdnb-bc-G8A1-8566-YJKV,-2.87893197377784,47.8628300301544
bdnb-bc-H35R-SG63-SNEC,-2.89238195997724,47.6969349706148
bdnb-bc-8NYA-LRS3-BTDB,-2.95993604825904,47.6745080217512
bdnb-bc-GV2W-9L4C-NYU8,-2.75440402509034,48.4606990050353
bdnb-bc-TZ7L-WXND-3965,-2.95755203964172,47.6818660088788
bdnb-bc-9MN8-7TLC-SE1T,-3.00744597858993,47.7757250398746
bdnb-bc-NY6N-PSM8-B16B,-3.00974401427918,47.7749619977073
bdnb-bc-2UM6-DJ9K-ZL5S,-2.96245903498447,48.0848039554446
bdnb-bc-C1ZG-XMQT-RL1D,-2.97624700598762,48.0689259978414
bdnb-bc-MP3C-TEXD-HS68,-2.95735293514083,48.0555409776723
bdnb-bc-Y6LH-S6LE-U8TL,-2.95874399030344,48.0714959581979
bdnb-bc-QBYM-3MBZ-6RL3,-3.411580008421,47.8299399791519
bdnb-bc-D9BD-9C74-ALC6,-3.3514849708716,47.7056849616261
bdnb-bc-12VV-742T-964C,-2.47256000998536,47.6865820185408
bdnb-bc-497E-U3Y2-S92W,-2.92809293854474,48.6349560457305
bdnb-bc-CVK3-EHD1-42NF,-2.43259906829698,47.67124501494
bdnb-bc-RSTP-ZKBD-3XN2,-2.44123395867006,47.6600519866656
bdnb-bc-69VN-ZNHF-AG35,-3.4114000578114,47.7882430380222
bdnb-bc-KKFN-8KA5-UT98,-3.40856102694268,47.7937739561797
bdnb-bc-Z8MJ-7RS5-35S8,-3.40461994542989,47.7919680100478
bdnb-bc-AMLK-3UDU-RQXF,-3.12959104191008,47.4810420256212
bdnb-bc-MP7W-L13E-AG35,-3.12505402627063,47.4798009875721
bdnb-bc-ZJF1-H5BU-DEF3,-3.11823098999365,47.494605025774
bdnb-bc-WL97-1N13-3FMK,-2.6980075751348,47.9713170604779
bdnb-bc-29FK-554E-41CL,-3.302727936624,47.7076570050012
bdnb-bc-2MKB-SQEX-9Z89,-2.36780697475365,48.6536900071224
bdnb-bc-HRCT-WY9P-5QTL,-3.31937998099747,47.7131620416438
bdnb-bc-33FY-UZSW-WEUE,-2.11606694185155,47.6199120298691
bdnb-bc-C355-872M-NZAC,-2.30579796412762,47.5187900402101
bdnb-bc-NK1E-K1V8-9Q7S,-2.44961896349453,47.8642810061142
bdnb-bc-AV5G-8NT7-51HD,-3.71496002339143,48.1275609720508
bdnb-bc-MXTY-TNLY-9759,-3.53296606131335,48.1260000409971
bdnb-bc-9VQL-59MT-5XXL,-2.706335011289,47.5743749969833
bdnb-bc-7N17-HVMV-DR6Y,-2.75527300529128,47.7201540351507
bdnb-bc-KAPL-BA7R-M731,-2.73150705644774,47.6923009584723
bdnb-bc-Y8GT-TT91-CN1F,-2.7485611642203,47.7164272930045
bdnb-bc-XAYK-X33B-X5C2,-2.34951805815917,48.6193290343444
bdnb-bc-PTQ7-1TQ4-BE2E,-3.34395698690094,48.033639040709
bdnb-bc-KQY3-KNGP-PPYC,-2.15388899876408,47.5427320025274
bdnb-bc-3K7A-6TAD-8EXP,-2.8315809484933,47.5043270358798
bdnb-bc-J3N1-KE37-BMX1,-2.81843604579498,47.4924949894835
bdnb-bc-3LAQ-B6ED-LQN5,-2.80953296786064,48.1222440287827
bdnb-bc-CTEX-M6GS-KY95,-2.49469598820503,47.7802779821781
bdnb-bc-BEUZ-1C8U-WNQK,-2.21930395974465,47.6867359945614
bdnb-bc-QQMZ-6P9R-CH1C,-2.73503997802058,47.8463859625884
bdnb-bc-7L1J-AQLL-31JA,-2.14989599884881,47.9578810235551
bdnb-bc-F511-WZNZ-XVY5,-2.25228199996882,47.7458279610154
bdnb-bc-RK6W-UMLM-RB4S,-3.1767349718185,48.2178509865877
bdnb-bc-DR47-6AMC-6LBK,-2.68107994509015,47.68877200287
bdnb-bc-UG65-V5T4-P8H5,-2.12625299131205,47.6691259814281
bdnb-bc-Y8F4-8M3Z-7R27,-2.99937796724814,47.5880530366848
bdnb-bc-DC8Z-5X7K-2ND1,-3.12889800229465,47.5203540192245
bdnb-bc-V7LD-X9ZY-GMEV,-3.13293994275694,47.5370559849941
bdnb-bc-K362-8MDA-V2RQ,-2.95772904595879,48.0232779901443
bdnb-bc-ZUZN-1MG7-VVV1,-2.15758796182781,47.6908719704247
bdnb-bc-5VX2-WXDF-CE6P,-2.84803803956635,47.5367700270651
bdnb-bc-B84A-7M22-CQFQ,-2.7812770629572,47.5271090325691
bdnb-bc-GKKF-V9EZ-JUV2,-2.77339796676794,47.5056809742154
bdnb-bc-WVMJ-9CR6-TSKD,-2.9513180070419,48.5567929657121
bdnb-bc-NA7L-DVK7-KYH2,-2.76779795019735,47.5244430206269
bdnb-bc-U1RZ-96CZ-3RTM,-2.79601404080768,47.48857798245
bdnb-bc-16V9-SVHU-SZBJ,-3.22143003192141,47.3702539760696
bdnb-bc-RSAJ-5RX4-16PP,-3.17901598236567,48.0915410270861
bdnb-bc-BR9A-8ZS5-KK38,-2.73092594178313,47.6190360262598
bdnb-bc-QTSL-UHK7-5XFP,-2.73098201461033,47.6187320210877
bdnb-bc-95T9-EKU9-25UZ,-2.5224309550734,47.820787024169
bdnb-bc-TZH7-T1NK-EBDM,-3.15433405911914,48.1347219701833
bdnb-bc-9A5H-3J7R-WL88,-2.56731006455695,47.6761199846336
bdnb-bc-3WU4-7HTQ-9YH9,-2.6403503550854,47.5842747871027
bdnb-bc-NMZW-L46G-CX2A,-2.55907003794211,48.1639779934108
bdnb-bc-QQAC-3E2X-FQNZ,-2.64034700122989,47.5859819560499
bdnb-bc-MNGG-ZYJ9-KUPZ,-2.43558704377325,47.9858769696053
bdnb-bc-759Y-KEDN-W2UC,-2.69484696521649,47.6497450118326
bdnb-bc-M5AN-5K54-PR5P,-2.67773793988367,47.6611589689021
bdnb-bc-4QQ2-X9N3-K3DM,-2.62770900624683,47.525080973555
bdnb-bc-TXQH-29DF-BSA2,-2.22336694015917,47.852778972938
bdnb-bc-RXNM-BVDA-QH1M,-2.61611693845604,47.6786279682193
bdnb-bc-9Q6G-U3DF-HRPD,-3.04744303335445,47.5876669779105
bdnb-bc-6AH5-VTMD-8HWQ,-2.59816704521781,47.606258006954
bdnb-bc-364V-BZX1-SLJH,-2.78682201012107,47.6564570113023
bdnb-bc-2KP8-ENXJ-UL92,-2.39216194462652,48.367367001599
bdnb-bc-6QF9-SUW9-28HP,-2.7602729525666,47.6442980263754
bdnb-bc-ACYU-QKFS-YZ6L,-2.76006002819829,47.6600239859706
bdnb-bc-E7S3-N9AL-2VMB,-2.75438900772764,47.6750259682731
bdnb-bc-J8U2-GV2L-6YA5,-2.74055004048423,47.6527909950607
bdnb-bc-N86D-JZ59-62JR,-2.748291960744,47.6589679983004
bdnb-bc-SBE2-8445-PW86,-2.76428001040088,47.6771580353724
bdnb-bc-WKFT-VH56-35VX,-2.76981602399615,47.6382919949776
bdnb-bc-D4QU-SEKG-9PV2,-2.52438798209843,47.6815210213317
bdnb-bc-SUXJ-48XZ-R11L,-2.94860402868037,47.636369972423
bdnb-bc-396M-WVMX-ABWJ,-2.55164503044105,48.5971230431164
bdnb-bc-E9T4-1XRA-VM4H,-2.54901804886217,48.5866139903184
bdnb-bc-TH82-XPVQ-36Q1,-2.5398650248803,48.5829610231902
bdnb-bc-4928-92N4-VQ11,-2.77120802473552,48.5328930105141
bdnb-bc-AZM7-VLC9-1JKU,-2.7905330617116,48.5439659989644
bdnb-bc-JRHR-LJZR-BR4T,-2.73784497397719,48.5309439843276
bdnb-bc-SPH6-MEZ2-GPMN,-2.73487099549898,48.5400759639323
bdnb-bc-CKZR-KLRG-KYRY,-2.87786595696519,48.4937309696479
bdnb-bc-CMX5-CXR3-U3JU,-2.07923799591174,48.526428960223
bdnb-bc-D4R6-YYEL-VVUN,-2.44670299904257,48.4239269752304
bdnb-bc-CTJ2-74X7-1X3J,-3.64273105436764,48.648691023882
bdnb-bc-ZRCX-XVVJ-AK91,-3.60008905567745,48.6441499921173
bdnb-bc-N76G-BZ3K-UJDA,-3.11221496048981,48.8590480415905
bdnb-bc-4KNP-MR55-LEAH,-1.97307100286802,48.5031930314121
bdnb-bc-2BHJ-B5ME-5PG7,-3.53189606234308,48.7863369804472
bdnb-bc-HXKS-UT8N-G61Y,-3.5091420396322,48.8053650359857
bdnb-bc-9C8V-C4V8-XRE4,-3.15144303484867,48.8034280319498
bdnb-bc-BM7V-HN4R-EMS3,-3.52271190799205,48.2269328705362
bdnb-bc-HFGT-JKFH-EAEX,-2.82658797295417,48.3087629597407
bdnb-bc-R8R5-7ZKL-5Q8C,-3.20651802545514,48.7130050401415
bdnb-bc-JT5W-UQAZ-WEFA,-2.98394196483905,48.539433990329
bdnb-bc-JBA9-WBKF-JSNN,-3.46949604877995,48.6314770187263
bdnb-bc-11E2-ZUH3-APEV,-2.19608604599648,48.5776060333381
bdnb-bc-LTDZ-R49Z-M6E2,-2.14121997571035,48.5827719755983
bdnb-bc-8X2F-BTDQ-K94K,-3.02497905961359,48.800348965752
bdnb-bc-UT4K-S5XQ-12AY,-3.04190598082698,48.8039650145051
bdnb-bc-KZY2-T36A-833H,-3.42490705614025,48.6957639785656
bdnb-bc-2G99-D63J-8A7Q,-1.98563094954838,48.5032580276072
bdnb-bc-TMJU-AAVX-4M54,-2.00579103366167,48.5325889968811
bdnb-bc-E2PF-PP96-Y1EX,-2.96117296102855,48.7590259940186
bdnb-bc-ZHCR-C9BC-7UTV,-2.9629129422317,48.7350629638265
bdnb-bc-AJ79-C6Q1-HC66,-2.79102396235009,48.4969999878525
bdnb-bc-LQEJ-7RRX-28PT,-2.81248395264717,48.4571679866729
bdnb-bc-XP4P-W65N-A8L1,-2.80123001144821,48.4866209667419
bdnb-bc-6F9B-AWZ7-3TGN,-3.21441905976196,48.8560319998157
bdnb-bc-8XHB-9THE-8PCM,-2.7446229826271,48.2800580014205
bdnb-bc-KHLD-9B4C-FQCS,-3.25957772443544,48.1954386762452
bdnb-bc-Z2Y2-1PZG-RBYG,-3.2363379505111,48.7956560283997
bdnb-bc-E18W-KZS6-GLGG,-2.95409894276598,48.6672889876992
bdnb-bc-UV5S-6LY2-NBQD,-2.92336805108029,48.6770289988743
bdnb-bc-3GSG-L73D-YBDR,-3.51121405097581,48.7098480077675
bdnb-bc-9KGS-6964-5GE8,-3.10771596957738,48.5398270009769
bdnb-bc-VDJF-2RUQ-BQGN,-3.12827404932187,48.520786012265
bdnb-bc-S1GJ-F7PJ-K3XV,-3.52164605454794,48.6807780241766
bdnb-bc-YLDG-V5MZ-3GZA,-3.45807100632859,48.5611110389747
bdnb-bc-DKBJ-WA99-65VQ,-2.87636094331683,48.6382259796631
bdnb-bc-LSEV-7WXG-DPKT,-3.05950400836837,48.7626660378293
bdnb-bc-S2AL-9YZM-Z34Q,-2.98314796116599,48.6662279644325
bdnb-bc-XSCG-WNFM-6UF2,-2.26732302991734,48.5275209782484
bdnb-bc-FHFS-PVVP-CZU8,-2.26112497981559,48.2642740126402
bdnb-bc-2C5G-UKXS-8SXE,-2.40382398391256,48.6250229567466
bdnb-bc-U5UA-5BWX-217J,-3.47811799184057,48.3963359752185
bdnb-bc-H2RN-2X5W-CGVR,-2.62474204901424,48.4652499968949
bdnb-bc-3T13-2VCX-6RUW,-3.28527906289846,48.4587779714454
bdnb-bc-5PN4-RZEZ-19FB,-2.82223305050228,48.5733269614953
bdnb-bc-K6WL-977Z-HDTQ,-2.81364503991846,48.5699810378898
bdnb-bc-ZZXB-R68F-LGGV,-2.81869802012068,48.5784610213799
bdnb-bc-J86R-SKLN-XQHD,-3.11452994954357,48.7055730384739
bdnb-bc-HEMC-U6VB-4TUF,-2.66197099789601,48.4441950387298
bdnb-bc-AZXK-QN6B-QPL7,-2.09451004314589,48.4631770264347
bdnb-bc-SRPC-74PZ-TNV4,-2.88933698138975,48.2406520233938
bdnb-bc-Q3EY-2YPW-CTM9,-2.00396304258605,48.3487019709365
bdnb-bc-ZVXB-2N2X-VFWV,-3.19737703449068,48.7643439903673
bdnb-bc-C25K-D1DQ-93KP,-3.32311600921974,48.2417499622543
bdnb-bc-6KAQ-2MSS-C5CJ,-2.34207294752458,48.5553050027313
bdnb-bc-UM26-E3WN-S42V,-3.12563995339322,48.570087984443
bdnb-bc-6AC5-C2D9-QXK6,-2.01228902601963,48.3724800423986
bdnb-bc-J5AX-YTJE-6F3W,-2.88880499369074,48.4028440437047
bdnb-bc-396P-RRY7-WCS1,-2.78812194082479,48.5110919796414
bdnb-bc-6Q76-TVY5-EUBD,-2.75844494230007,48.4938990195481
bdnb-bc-AEBG-LS9J-BLEY,-2.76861303376736,48.5125369788134
bdnb-bc-E54T-YFBW-48WW,-2.75818906696222,48.5201420367055
bdnb-bc-HZNA-77VT-9UZ4,-2.74788299714779,48.4941769801557
bdnb-bc-MZX3-WB1X-RD4Q,-2.73194093812521,48.518093019993
bdnb-bc-S5TH-DSK7-BB6T,-2.77922098369516,48.5115909715644
bdnb-bc-WM56-84AE-TXWQ,-2.78150903671281,48.5122269715214
bdnb-bc-KJN1-W27X-RDLL,-2.84349201632739,48.1862820269275
bdnb-bc-X55A-4BEL-2YB6,-2.74305405091669,48.3978340018939
bdnb-bc-BHGG-2YS2-PRMJ,-2.26336597555694,48.6250780002611
bdnb-bc-PN6H-8MB9-P8Q9,-2.24696397246484,48.616953030885
bdnb-bc-L7T1-31NJ-MZD7,-3.13327101210319,48.6647220068719
bdnb-bc-Z936-UL3Q-7N7H,-2.86054803133554,48.4717239969772
bdnb-bc-HJ9J-LH1G-PFV8,-2.51607299977432,48.3469800210781
bdnb-bc-7UT7-7Q9G-LWDQ,-2.1904070334847,48.597030955522
bdnb-bc-SJU5-BPCP-UUGP,-2.16095497442615,48.2699980358036
bdnb-bc-MF47-LB1C-WJ8P,-2.08224197689953,48.3542970434967
bdnb-bc-7S3Z-9RP3-FCHN,-2.18605501601454,48.4515409581982
bdnb-bc-5SVV-CGRE-HKFG,-3.16343003542769,48.3150709530563
bdnb-bc-MKDC-7QKG-Y279,-2.31121806280798,48.5531409769275
bdnb-bc-6MGU-GQ7L-JAXG,-2.83800701908298,48.6544339646255
bdnb-bc-RAEN-HSPJ-228L,-2.84195694191862,48.6522940464375
bdnb-bc-WK65-Q7E8-HPFC,-2.02907596622407,48.4952010322302
bdnb-bc-4TCL-9H6B-N6FM,-3.1069380619542,48.2731530059466
bdnb-bc-59YW-EDHS-PAXZ,-2.04083103941475,48.4789829992828
bdnb-bc-T2JF-HHTB-7FMF,-3.40399199864231,48.6763669836533
bdnb-bc-8SJT-WR71-HKVK,-3.57474701133372,48.7677830415208
bdnb-bc-RPT1-UV4E-TBGM,-3.56702306418429,48.7700299931658
bdnb-bc-XZGJ-VRH6-YYB9,-2.5564820092922,48.3368349744657
bdnb-bc-2ZVC-KN9D-PTU8,-3.55659598150787,48.7234800316301
bdnb-bc-UGJV-R62T-43KV,-3.52281794270544,48.3056839734182
bdnb-bc-HRKQ-NLT7-F147,-3.49427704229021,48.8217200067388
bdnb-bc-UTJG-4N1C-3BTD,-3.27773694253953,48.5672530246192
bdnb-bc-4NH3-SYNG-VBS6,-2.74696999077863,48.4839610327982
bdnb-bc-J37F-XXUT-WDUF,-2.75607505938191,48.4828042535684
bdnb-bc-Z52B-SYPX-4CNN,-2.74533606392412,48.4839789725952
bdnb-bc-1XZE-NSF2-F116,-3.37512405778316,48.7985269595863
bdnb-bc-C925-1VQN-5NFX,-2.11250099096219,48.4339390144769
bdnb-bc-KW81-X618-HXDR,-2.06032204646501,48.5606380009768
bdnb-bc-53K3-HBHA-H99U,-2.84407793789625,48.5236319772249
bdnb-bc-B2WB-N2E3-GEPD,-2.7946260020041,48.2085269694842
bdnb-bc-5BWK-MA4D-55FY,-3.35618505065001,48.815130038651
bdnb-bc-H1WS-EH4B-QQ2U,-3.3677470038671,48.7620759631499
bdnb-bc-1UPK-P47C-9DK7,-2.9995120055658,48.3870979746492
bdnb-bc-FQV2-BXM2-WCG8,-2.16420502889774,48.4403100306413
bdnb-bc-JG6P-HUBK-UZ1N,-2.69227193592084,48.4724539795392
bdnb-bc-4BDP-W2S9-XEE4,-2.17538604134643,48.3475809771212
bdnb-bc-D4XW-3SC2-R8GL,-3.45951202701807,47.8831160317385
bdnb-bc-BWEV-MEHG-R87B,-4.53908705024413,48.0293729839299
bdnb-bc-UPNP-XNPZ-D9HA,-4.55045297679131,48.0281949910496
bdnb-bc-BHKU-YBE7-UNQS,-3.66564801441902,47.9322279587402
bdnb-bc-VAS8-PYUN-VVCB,-3.66274948932139,47.9594053688662
bdnb-bc-6J5L-EUJ4-KBAU,-4.11314403878256,47.8756499546197
bdnb-bc-QVVA-B9XQ-UJ2H,-4.09690602712435,47.8780869974371
bdnb-bc-5MBA-PB5Y-GM99,-4.51036194675742,48.0752100391003
bdnb-bc-75B2-HC6K-JW5R,-4.51959095224698,48.4233379930882
bdnb-bc-58FA-8JQX-AUZ8,-3.64288618661701,48.5177152360721
bdnb-bc-V1C9-MLMQ-BMC8,-4.50057506087729,48.4987990118969
bdnb-bc-CS8W-2EWV-1SM4,-3.83967496430544,48.3575469906314
bdnb-bc-2FXV-AXXH-L58K,-4.45913097198258,48.4018480001431
bdnb-bc-45WJ-5X6P-VY56,-4.51998794211619,48.4049059628498
bdnb-bc-5XHH-ZHG7-Q31L,-4.49240302735833,48.405218003002
bdnb-bc-7QJL-T2WV-TJCY,-4.48641495224557,48.4150880015478
bdnb-bc-9HEL-GCK3-EQ2B,-4.50150293367592,48.3887289717961
bdnb-bc-BA6J-MKGL-YYLD,-4.44268995848108,48.3988529892275
bdnb-bc-D1E7-TL9P-5YFA,-4.54175996182231,48.3812720293968
bdnb-bc-EVL3-THFW-Q2VG,-4.45473999786399,48.3982399969938
bdnb-bc-GRQQ-FH2P-HYLR,-4.52797697886846,48.3983530056738
bdnb-bc-JLDR-UFL1-KPAA,-4.51537392860232,48.3873879745289
bdnb-bc-LGSR-TFR5-3H7Y,-4.45818394377998,48.3945389621431
bdnb-bc-NGSK-147M-12ZF,-4.48231798025351,48.3925370381535
bdnb-bc-QFUH-MRJ7-F7LW,-4.49007502061918,48.4115859722601
bdnb-bc-SD4W-GYFD-BHVE,-4.49945796824168,48.4140919584681
bdnb-bc-UEPZ-9NPK-ANR3,-4.47654197345794,48.4144439764011
bdnb-bc-WHU9-1FHN-JQT4,-4.51325504669674,48.3889229673346
bdnb-bc-YK8V-P97U-9K84,-4.43677296130237,48.3942989843249
bdnb-bc-7D9Z-G3NM-PY49,-3.95764095103562,48.0955079514889
bdnb-bc-U8SU-G2ZU-L9FL,-4.00742805420357,48.1002049967206
bdnb-bc-J5NR-NC29-P4N9,-4.31960094093491,48.6503749753122
bdnb-bc-995B-6D4N-L7MP,-4.60208506230157,48.277211004696
bdnb-bc-Y6QT-WYNB-7ERZ,-4.59791495364835,48.2746350104725
bdnb-bc-HCJ1-J843-T68A,-3.91692901552772,48.6720690291866
bdnb-bc-2S86-VNHS-P7SH,-3.58215097632389,48.2796680078113
bdnb-bc-GFPE-5ZJK-CHVD,-3.57303802785839,48.2815380278447
bdnb-bc-X5F7-PXDJ-B2BY,-3.55254601658721,48.2836310037336
bdnb-bc-6MBZ-PKK7-85DJ,-4.09410101119708,48.2045889921647
bdnb-bc-XYY1-BC6X-5GV8,-4.10204405004685,48.2006599800783
bdnb-bc-N7WA-YV7R-WSXN,-3.819903004196,48.186369035105
bdnb-bc-2JQX-H3QJ-5GV8,-3.66623393617022,48.2375359877701
bdnb-bc-BANJ-377F-6EA3,-4.10652395762205,48.6672719724737
bdnb-bc-XJF2-KAF6-MYUX,-4.09509396348982,48.6608780080132
bdnb-bc-CCGN-LN1J-BHZS,-3.57745002630756,47.8041429549559
bdnb-bc-SJ32-P5MK-T4SS,-3.60303000985199,47.7759649742075
bdnb-bc-MUH5-SLNR-5ZKV,-4.0856689609496,47.8900360151746
bdnb-bc-P7Y4-MZFA-C7V8,-4.54524696366489,48.507716969327
bdnb-bc-9DUR-31C4-WR9L,-4.13634295497387,47.8657879707408
bdnb-bc-RBQ1-UZL8-U32Y,-4.12358103122613,47.8741989573412
bdnb-bc-1DE4-VAYP-G42X,-3.92601795779317,47.8742619851953
bdnb-bc-66VP-KUSV-F3EG,-3.8853799621353,47.8661470400208
bdnb-bc-BHZE-KHZ5-DXW9,-3.92099302395637,47.8766879660319
bdnb-bc-GU65-ZSYA-89A2,-3.91923600368855,47.8945210242655
bdnb-bc-NAN9-FQN6-MYK3,-3.89974293504168,47.890247968896
bdnb-bc-TLBZ-XGNZ-P4K5,-3.90341302665984,47.891580040952
bdnb-bc-Z1DJ-Y7L8-S9NL,-3.90459895625068,47.8558260116367
bdnb-bc-N8CM-B5NU-Q57G,-4.77339297957716,48.35897104445
bdnb-bc-YFK8-EEFT-GC57,-3.82776696952376,48.0606510110278
bdnb-bc-7ZM7-76ZC-PVZ4,-4.52672404782021,48.252946011367
bdnb-bc-FZ66-SWY2-FTBR,-4.50770600162531,48.2268470168811
bdnb-bc-Q99H-UMBA-4AJH,-4.48293103482461,48.2443029967206
bdnb-bc-Z4JN-JC5Q-WEYJ,-4.51166104839585,48.2862969747052
bdnb-bc-HL8N-8AFP-8H9V,-4.16322593762098,48.2150180049072
bdnb-bc-1KPF-YGWV-X1RU,-4.33341104964876,48.0957619853535
bdnb-bc-82PZ-BKZ5-AU7V,-4.32942602032842,48.0750259884371
bdnb-bc-ESAR-MM8U-G1GS,-4.32947103356589,48.0853409879218
bdnb-bc-N1JP-LWYU-XS8Z,-4.32170093431526,48.0838909991738
bdnb-bc-VBD5-U9WP-36NJ,-4.33145293517158,48.090802994811
bdnb-bc-QRUT-K5Q2-U3KN,-4.3773319821773,48.5327989730562
bdnb-bc-44MT-3WYV-MMHZ,-3.88786800840695,47.9941380395531
bdnb-bc-12SM-FUDL-9LJC,-4.03355096477183,48.0274509731463
bdnb-bc-EBSP-XBLL-8TJ6,-4.06168695336672,48.0074759620064
bdnb-bc-U22J-AAKN-8R61,-4.05715395532344,48.0011460275566
bdnb-bc-VG7G-KFNC-P1GT,-4.18007198652335,48.2926759661245
bdnb-bc-HLS5-57QY-W61Y,-4.33447298824951,48.5678149591635
bdnb-bc-TR6Q-357M-122J,-4.322524989536,48.422573989539
bdnb-bc-KUKB-LFQM-9ENY,-3.97223204594123,47.9201439705139
bdnb-bc-3NHA-XLFU-A954,-4.00792999638157,47.8608770313024
bdnb-bc-A9JD-ZK49-97MR,-4.03933900476205,47.8647310270676
bdnb-bc-HCCD-7VAJ-W8P2,-4.03405999965,47.87250799766
bdnb-bc-REVD-E6N5-8LBH,-4.02314697772229,47.8991380448129
bdnb-bc-YWV7-MVPV-11WG,-4.04117501437713,47.8461510436477
bdnb-bc-FNP4-2T6N-SGLH,-4.09900001585925,47.9004509778742
bdnb-bc-9YN5-4PFQ-ZCBD,-4.46673097006033,48.4305179788383
bdnb-bc-V4HS-PMYD-VZDU,-4.47336498080289,48.4403029829053
bdnb-bc-K1B8-ANC5-47DH,-4.31023598389975,48.6285710254738
bdnb-bc-45GE-W9SD-NLD6,-3.61545504173793,48.5374329771352
bdnb-bc-P8ET-SP2K-DJXC,-3.9547329854159,48.5683959605366
bdnb-bc-CC3Z-QRFS-M5R3,-4.55501296878038,48.421630999922
bdnb-bc-TVM3-75P1-MM17,-4.55363175588038,48.4338769886814
bdnb-bc-3UAH-9MBL-8N4L,-4.28511197453019,47.7982129580623
bdnb-bc-P88T-V3BJ-F9VE,-4.28763800342899,47.7940989564894
bdnb-bc-6REE-66RW-R7CU,-3.9982710092208,48.488072032189
bdnb-bc-6ULM-J1ER-PA98,-4.39455895271902,48.4376849588178
bdnb-bc-EQWF-DUJL-6JJ4,-4.39013496624759,48.4441500235742
bdnb-bc-NY11-R142-TTF1,-4.39981703622486,48.4405269640695
bdnb-bc-XCR3-LWM5-H2UH,-4.42164300984213,48.4069290097337
bdnb-bc-JB97-814V-659G,-4.57359806849328,48.4613530333912
bdnb-bc-FHM2-J975-D8H5,-4.40844999433738,48.630910956617
bdnb-bc-QA5N-URS8-EF12,-4.13372596645071,48.3405080366363
bdnb-bc-BC1C-DH3W-3VLA,-4.25027299396899,48.3059490294548
bdnb-bc-MSNA-19JR-2VJC,-3.75296494971422,48.3717489679951
bdnb-bc-EB8T-VU78-K6KA,-4.15328700184908,47.8557499723363
bdnb-bc-H2Y1-TBWE-CDKG,-4.25599095473388,48.0688169804269
bdnb-bc-7GNK-GR4L-2THG,-4.43083897110566,48.6533389828542
bdnb-bc-8GWL-NZXX-PANZ,-4.4305870275832,48.5803240325318
bdnb-bc-4KRP-VKNN-TY8T,-4.06459996459228,48.48335304134
bdnb-bc-DFVQ-G42S-HWK7,-4.76750797237142,48.4460349766721
bdnb-bc-14QF-AJYN-RTBQ,-4.56243603389515,48.5845230062028
bdnb-bc-N1GA-5MXV-P3E2,-4.57826203220969,48.5923579812656
bdnb-bc-1B6F-MHMP-XZXV,-4.2584820294754,48.4592560408879
bdnb-bc-9XB9-MQHU-MGE6,-4.2643810496051,48.4548709979182
bdnb-bc-JLC2-3LXZ-9A6X,-4.24606003396108,48.4471880018112
bdnb-bc-TV2N-N6GC-MVU8,-4.27443299861048,48.4572040158617
bdnb-bc-26YM-MAMM-TQNY,-4.07989201783403,48.5039590269729
bdnb-bc-EYEC-67J9-Z2F9,-4.08676900254756,48.5251559867982
bdnb-bc-U3VV-Q2SB-KWY6,-4.08919199120789,48.5040100189392
bdnb-bc-22F7-CSLA-BV5E,-3.94841912898343,48.0498743483667
bdnb-bc-7HGN-5TX9-JF1U,-4.75407700973039,48.5230429661921
bdnb-bc-2FZS-GHY1-B8Z2,-4.17238006114503,48.5929490400369
bdnb-bc-6BLN-KUTC-JGCP,-3.7170920233167,48.6470079668093
bdnb-bc-WZL9-7WFK-JV7P,-4.20527596799224,48.4973650357733
bdnb-bc-KEF6-Z6WX-2EDH,-4.52549800599942,48.5690659562258
bdnb-bc-QA22-T7BX-4H7A,-4.63230803826322,48.4824590346438
bdnb-bc-NRQP-VSW5-LSMH,-3.8394999495213,48.1363129718925
bdnb-bc-AHDY-GQRU-TG5Z,-4.3090370493002,48.5707870337304
bdnb-bc-S3J2-2VKX-1L2D,-4.32782495097406,48.5640930356743
bdnb-bc-1RUG-7GJG-8K4S,-4.66415304298958,48.3657819830759
bdnb-bc-NEDA-YBCF-RQ1K,-4.64920302221489,48.3746319788576
bdnb-bc-WBXJ-9XL5-3D3J,-3.86929605676144,48.6237969557364
bdnb-bc-X6K8-J4W5-CLST,-3.65685894925175,48.6879210357814
bdnb-bc-7KGJ-M3GW-62FX,-4.19591397591686,47.7983480368089
bdnb-bc-KVSD-RVVP-PQDJ,-4.1823319378914,47.8084669633126
bdnb-bc-ZG2N-BN87-3K5G,-4.18877794292248,47.8053210297272
bdnb-bc-NCLN-1711-UQQ8,-4.28485894388214,48.3382580136494
bdnb-bc-CGNA-6HV5-SGD1,-4.30546804324896,48.3776859845881
bdnb-bc-AYFV-NX1B-BKA1,-4.03832373568217,48.1704545241708
bdnb-bc-1N2D-LHRE-FLR9,-3.86505310627589,47.9065433795626
bdnb-bc-TL6X-2UV5-854X,-3.85646799899706,47.9297289956044
bdnb-bc-S4Y7-PKQJ-RPHQ,-3.60438360525178,47.868150353473
bdnb-bc-4RCJ-ZX5F-1BZ8,-3.69208993974353,47.7959770474291
bdnb-bc-E1GK-KZ2X-T3CD,-3.6301210629351,47.8127110230054
bdnb-bc-Q1WB-4TBE-9HDM,-3.62521798757333,47.7796120211811
bdnb-bc-1ASB-ZGQM-VVPD,-3.82202393594107,48.580788017826
bdnb-bc-9QJR-SLEV-3XV2,-3.81590401852802,48.5752239567298
bdnb-bc-JVCH-PML8-CCHQ,-3.8398189942083,48.6116689893724
bdnb-bc-U9YE-Q8NT-J1CG,-3.81780904891599,48.5724409663587
bdnb-bc-3CMF-7PS3-CZRB,-3.77598996101715,47.7919770217289
bdnb-bc-LBNK-LRLR-KXH1,-3.76326995916695,47.8209670323562
bdnb-bc-F7VG-PGTL-PH9H,-5.09747099005371,48.4572490404831
bdnb-bc-1HZ4-UJHT-CHYF,-4.37360499365569,47.8230740147724
bdnb-bc-AHCE-T4N9-GS9J,-4.3554180334665,47.8234059553177
bdnb-bc-LQGL-XH11-9P53,-4.37331785172696,47.7980568676197
bdnb-bc-XHMJ-CCAD-2NPG,-4.30866098970998,47.8165840125062
bdnb-bc-6ST5-L3VN-GP2M,-4.41818600502529,48.5026560137504
bdnb-bc-LP24-KFLE-HJUG,-4.42957302475575,48.5018859795207
bdnb-bc-3AFV-PT9B-G75B,-4.02855197891292,47.9028730389739
bdnb-bc-194P-82A9-Z84W,-3.97828005412859,48.2305170133719
bdnb-bc-T4RS-WBUG-BLTH,-3.96883597595371,48.2266879907344
bdnb-bc-QNBD-L2D3-FY4W,-3.84885698820696,48.5304319572542
bdnb-bc-D3ZU-P3WM-WK9Q,-4.21630194667325,47.8009989642341
bdnb-bc-XTES-1ZAL-VDE6,-4.21479798167191,47.8047910182035
bdnb-bc-1KU2-T5W5-5F5W,-4.69398693405362,48.0359529716375
bdnb-bc-88H7-FC2Y-Y86N,-4.11922001177619,48.0471250208697
bdnb-bc-6NEF-2YDR-S3CH,-4.17571829092557,47.9256525074637
bdnb-bc-WPVQ-W3AV-ZAJG,-4.16989931560845,47.9103248120774
bdnb-bc-KUT8-G2G4-WPHK,-4.33539802240518,47.8306609877131
bdnb-bc-DP19-1D6B-2L8F,-4.23250001261565,48.17947096605
bdnb-bc-LBYW-Q1PB-1LFD,-4.17556702983163,48.0140679815695
bdnb-bc-BRWX-R43H-SYJM,-4.24364798299148,47.8737519674945
bdnb-bc-RQ9Z-91UG-BAFU,-4.28198998584138,47.9010409958639
bdnb-bc-EZ7C-2ZHF-DV6V,-3.84714806967673,48.2503380248787
bdnb-bc-N92B-PGR7-Q7F7,-4.22091798451732,48.1224680367623
bdnb-bc-HF98-7W1E-AJKR,-4.77106198578844,48.4334119645614
bdnb-bc-5JJL-UESA-WUHA,-4.66622600238382,48.5420389831737
bdnb-bc-JLDU-348Z-5AHM,-4.65713799492228,48.5410159602909
bdnb-bc-YD8Q-66H1-94FS,-4.68843894085466,48.568285018668
bdnb-bc-T61L-UBRW-8J48,-4.3503310482607,48.545929956198
bdnb-bc-HWN9-CHNS-Q4VU,-4.2399809390404,48.48949398176
bdnb-bc-R6JX-U61V-TGJW,-3.61166903206805,48.5674810035801
bdnb-bc-1H7N-5CE3-URLC,-4.17890394896291,48.6579260196066
bdnb-bc-L4MD-Q6KT-7GL9,-4.16609798249226,48.6859340456127
bdnb-bc-G7NN-4A21-AL33,-3.82495395798586,48.640926957993
bdnb-bc-6YTY-ELND-1HFZ,-3.79724395371337,48.6992570066506
bdnb-bc-PMSN-5YAJ-YYPJ,-3.79727996598211,48.7005710326304
bdnb-bc-4K8B-U46A-63JT,-4.36393295246053,48.378332010232
bdnb-bc-CCWU-TKGK-7QUR,-4.37434601971848,48.3801449810423
bdnb-bc-LWFL-56Q4-HBKJ,-4.37670100182425,48.3346479850698
bdnb-bc-VL8T-CVW1-1LNQ,-4.37246497157643,48.3667879918437
bdnb-bc-9WM4-ZXCN-LKQE,-4.71369704816665,48.3375930007216
bdnb-bc-V798-VYLU-BLKM,-4.69802794882244,48.3524279884182
bdnb-bc-NAFX-TSKX-UPBW,-3.78273493367474,48.5577499949191
bdnb-bc-WXN8-BMP1-AZN3,-4.07112903351017,48.6310719887965
bdnb-bc-6MBF-DKCD-M4L7,-4.50014202000283,48.6099029935828
bdnb-bc-HNNL-DTJG-339K,-4.54035995083796,48.6246250414551
bdnb-bc-UZBA-QQZ7-8XZS,-4.5210779713002,48.6216740272234
bdnb-bc-V9AA-HFS2-W8W7,-4.59853800047991,48.5296150058842
bdnb-bc-E4YE-PJ5Q-KU6J,-4.47554196509661,48.02226198148
bdnb-bc-V5DT-DE7G-YUJA,-4.46467198298518,47.9869330048058
bdnb-bc-1FXN-L1Z6-KRPY,-3.7111539876758,48.6023019622915
bdnb-bc-LQ6U-AQBP-KKGY,-3.8014060153321,48.5728719974926
bdnb-bc-GXTQ-NFDD-WFRF,-4.72493804100537,48.4015110289956
bdnb-bc-77CR-R9L8-JA9K,-4.21949204513381,48.5528850145305
bdnb-bc-3C9L-TXS9-Z3FE,-4.22168595881468,48.6102450279517
bdnb-bc-3B6R-J6L7-P12D,-3.79158695943008,48.532816958176
bdnb-bc-SVKY-TK3A-4HEL,-3.83452102711914,48.5546919683824
bdnb-bc-8B9Q-HM2B-K84P,-4.45293195386759,48.5321420267639
bdnb-bc-4FWY-93DH-L6WN,-4.03080504268319,48.5795819692238
bdnb-bc-FMVQ-LCYR-ZXMT,-3.7661139704969,48.330003961708
bdnb-bc-8GXD-UXQ3-BM9F,-4.61430806041176,48.3612579708787
bdnb-bc-JGWE-QBLC-17DF,-4.58741704464132,48.3745620225687
bdnb-bc-UE6Z-DZ7P-132U,-4.62177793592428,48.3806650102771
bdnb-bc-QDTW-4YKQ-QG3U,-4.11206794378491,48.599166024524
bdnb-bc-9JQG-FLN6-F3Z2,-4.42439004220183,47.9766809555642
bdnb-bc-XECU-AAYG-CMYB,-4.42670805230836,47.9895440303299
bdnb-bc-PYEW-GJV1-75GW,-4.18067301120157,47.9697670323982
bdnb-bc-HYHJ-A7UY-A6B4,-3.7441450331069,47.8565809863129
bdnb-bc-QCUW-ABHN-419V,-4.49508097301939,48.0457350057849
bdnb-bc-A5T1-PY2P-NUA1,-4.2219830001186,47.8601029710697
bdnb-bc-MTTV-HNAW-QUVX,-4.21766399462948,47.8639590250712
bdnb-bc-4A4N-GCWP-RWL9,-4.76315197931052,48.5077399883602
bdnb-bc-WNEK-RAS8-3WJ8,-4.0676834370441,48.2148419633036
bdnb-bc-L9V8-ABLV-LHRJ,-4.36442005799715,47.960786013883
bdnb-bc-5FU5-KCE2-1HJF,-3.64059592830485,48.340751960729
bdnb-bc-JNWN-KE35-N575,-4.6097919610045,48.0263150026815
bdnb-bc-K4PY-MNGQ-1N21,-3.55069403759215,47.9652499775645
bdnb-bc-2NHC-LVM1-7PEX,-4.10889498513004,47.9853569815472
bdnb-bc-4ZCK-GS4E-LG9J,-4.09871003622684,47.9864870068442
bdnb-bc-78TD-YFXS-EEJ5,-4.09539498829189,47.9885839686024
bdnb-bc-9MJK-CJFX-DKB9,-4.06512494243902,47.9884849975534
bdnb-bc-BVRY-W9SP-LPL3,-4.10938198368073,48.0116009741268
bdnb-bc-E9XR-M5ZZ-98ZE,-4.1376050585578,47.993706036323
bdnb-bc-GR9T-VJP3-VKZZ,-4.0823119368545,47.9684390081477
bdnb-bc-K76T-NAPJ-ATDY,-4.12512303430482,48.0159969923481
bdnb-bc-MRFT-RSG3-ASZW,-4.11844894488943,48.0019379900561
bdnb-bc-QCHR-9R11-1NMJ,-4.11600696225097,48.0072840139307
bdnb-bc-T1DL-C3B1-6T4R,-4.1350249560718,47.9966200448544
bdnb-bc-VQZX-UCZA-9FUB,-4.13244299912297,47.9912219880551
bdnb-bc-YCS5-XKRU-ZUR7,-4.13175899214815,47.9946089626731
bdnb-bc-53RH-TKQL-GKQ6,-3.55647295145391,47.8723030348625
bdnb-bc-ELDS-L81P-UF3J,-3.56973404256273,47.8565100376505
bdnb-bc-R1YP-FQCK-N3D3,-3.53947402533607,47.8697180027981
bdnb-bc-4HNW-77CN-D4Z9,-3.45938103669157,47.8426900071339
bdnb-bc-3FVL-FACT-29FV,-4.38736795657317,48.4010550364717
bdnb-bc-E6B4-GURH-ZYN3,-4.38661700191728,48.4068320102699
bdnb-bc-RSLM-MAEP-BRXH,-4.39800792997963,48.4142719802341
bdnb-bc-5H5T-BP7X-3FZ7,-3.74081304179321,47.8380009900611
bdnb-bc-Q95X-QYE3-WYZM,-3.72132706075962,47.8368920414023
bdnb-bc-XD1Z-EUMU-BKG3,-4.16110894519221,48.4864290146296
bdnb-bc-7FLW-L81P-H9UM,-4.00540597522632,48.7073859990627
bdnb-bc-XB71-195R-QXJW,-3.98779297035085,48.7219320378776
bdnb-bc-7N6M-5LCG-N7GZ,-3.82898003516533,47.9571310280893
bdnb-bc-L6SC-5WQR-QY98,-3.81453897135155,47.9479650251914
bdnb-bc-ALVW-E2TY-336V,-4.08638701177587,48.1873360121656
bdnb-bc-32H3-WSBE-UM92,-4.03080904375013,47.951930013541
bdnb-bc-YN3G-L8GD-3EX4,-4.03029495667445,47.9516230192784
bdnb-bc-SXUT-PZG1-KSQ8,-3.59874094018807,48.204681003713
bdnb-bc-5BPE-4BX8-85RH,-3.8474770162623,48.5729230034033
bdnb-bc-U6FV-JAXN-K81P,-3.85127498873888,48.5753390436198
bdnb-bc-2KYG-YEY2-JQ5Y,-4.60600995860728,48.5667139599124
bdnb-bc-2QW8-SCYP-5XWF,-3.98978203397378,48.686876024547
bdnb-bc-FXTS-ET7K-M69T,-3.99076500468631,48.6739549923502
bdnb-bc-WCNM-D5W7-68K5,-3.9789419409476,48.6876780471296
bdnb-bc-CEYF-SG9D-ZRG6,-4.62296495189359,48.4352189953865
bdnb-bc-TGCL-HFJ7-756N,-4.63823392880771,48.4384429717679
bdnb-bc-HLBM-PRU5-6C13,-4.07020799326973,48.2388580078867
bdnb-bc-8P2C-2U8J-PXF5,-3.94467598659306,48.5233749999827
bdnb-bc-SS5R-HPM6-DWA5,-3.88405303319198,48.1630870229069
bdnb-bc-5KKM-LS47-XMAZ,-4.22631394720722,48.3997960074937
bdnb-bc-9JWB-1Z9D-X8PT,-3.93359399240532,47.9671000042508
bdnb-bc-8GAT-EY5S-U5BU,-4.02925895407481,48.7056820327107
bdnb-bc-2BB7-FF8V-1RHR,-3.70338796626461,48.0254639889593
bdnb-bc-J5XD-5UY4-5EKB,-3.71328099428003,48.0263800025624
bdnb-bc-5E14-7WXZ-ZCLS,-3.67159094492114,48.4306469786936
bdnb-bc-1MMB-T36G-VCV9,-4.07661295389469,48.4094060085127
bdnb-bc-8XZA-LMD7-PATN,-3.7052880201213,48.1951779962425
bdnb-bc-E4T7-JXZR-93EJ,-3.90997294090764,48.5735610360588
bdnb-bc-D82Y-13G5-SV16,-4.35046606421503,48.2599510142601
bdnb-bc-3RQL-E3J3-1NF4,-4.74367302075823,48.3604230221104
bdnb-bc-PAQV-MXDF-52FJ,-4.27361898920381,47.7976589555462
bdnb-bc-Q9WZ-C65D-7NGU,-4.26952304142256,48.6437800071025
bdnb-bc-473F-4KTW-R8TW,-4.3415184726487,47.8884701354489
bdnb-bc-8NKP-D947-A1PK,-3.84957105929614,47.8585690136097
bdnb-bc-K5DN-FFCA-NZGP,-3.83749995157889,47.8759110119246
bdnb-bc-VTP5-ADBB-A117,-3.83942173602479,47.8265406738225
bdnb-bc-JF7B-FFCY-NWKH,-4.21243000297006,47.9034340248754
bdnb-bc-555C-ZWJC-XYMB,-4.3447190020449,47.9051629726613
bdnb-bc-3CVC-JE3S-QBKH,-4.07603696770465,48.2718699736301
bdnb-bc-UU25-A7FR-HDPM,-4.08906300614518,48.2569559837961
bdnb-bc-HV24-XTA1-B9YH,-1.498078018424,48.1404649850499
bdnb-bc-MTFU-Q4TW-1NWL,-1.5072730264585,47.9948299928592
bdnb-bc-CN6F-9U4V-1XYA,-1.43963901484007,48.4632410209919
bdnb-bc-1N4A-35C6-17WG,-1.16008902430432,48.0544280277982
bdnb-bc-T7BW-CQTW-4J81,-1.15279605155464,48.0519859552405
bdnb-bc-X1J4-CD4P-PP4X,-1.77692304974397,48.5261899803105
bdnb-bc-7XU5-9BJV-62K8,-1.6804940023467,47.8440679717939
bdnb-bc-PS87-KWGA-NC1J,-1.68728204709222,47.8480890278509
bdnb-bc-AJD9-1L58-S6HX,-2.07022999462816,47.7019179689945
bdnb-bc-8A77-J228-4PLD,-1.28816598692989,48.0076750362508
bdnb-bc-QM3U-UPL5-31E8,-1.19467305516306,48.1685799748684
bdnb-bc-31FW-UEF4-PSAG,-1.10607598883881,48.4437670313529
bdnb-bc-XNW3-KN92-SNUX,-1.55701895857174,48.4023690172291
bdnb-bc-ALV1-4TTS-BSWA,-1.96273303217301,48.1650759769428
bdnb-bc-33YQ-RK4L-4MXC,-1.63033697384566,48.1782229980327
bdnb-bc-FJEW-D9LY-8RM2,-1.62584703557839,48.1892929853653
bdnb-bc-V6VZ-JNAR-CRXA,-1.65000501337179,48.1748790279003
bdnb-bc-JB9U-HLE8-RKZ1,-2.05438303568307,48.1592429940418
bdnb-bc-37G4-FW9T-25WP,-1.60729798373001,47.8570019621538
bdnb-bc-NWAG-XCQB-18B7,-1.45856803710281,48.1761929763924
bdnb-bc-JGWN-8XJ3-5Y4P,-1.61026494373128,47.989870999084
bdnb-bc-L8LJ-PERK-Q2R9,-1.73958805979746,47.9113850381772
bdnb-bc-VF7T-C6JD-W4SL,-1.95885196338457,47.9635460417948
bdnb-bc-L6JM-7T8X-HG8H,-1.86464804821641,48.0474949864544
bdnb-bc-C96E-KN6W-UMXV,-1.47864598205098,48.1083280052324
bdnb-bc-QBAZ-8D7T-V5V4,-1.89667594288712,48.1456000151799
bdnb-bc-EMFV-QLND-AC27,-2.02175497412095,47.8134950234135
bdnb-bc-6LRE-NVR8-MVGG,-1.7419060314317,48.026888957242
bdnb-bc-G3DD-MNY9-9MBQ,-1.74074303762479,48.0243280289581
bdnb-bc-S1U3-U762-392S,-1.72100801519391,48.0299870388194
bdnb-bc-3559-SV35-SW5A,-1.8570080264701,48.6851399796074
bdnb-bc-EZAX-5VN7-ZGWG,-1.85156106509266,48.6783780010417
bdnb-bc-US7B-RXVZ-RFMR,-1.86752101764769,48.6671299685821
bdnb-bc-5EZU-MBVJ-YKBJ,-1.59427596828611,48.122323010104
bdnb-bc-EUMF-HJLT-TU53,-1.60447300088058,48.1234529729903
bdnb-bc-RJ8V-DHLH-7U4C,-1.60562602488204,48.1252259648148
bdnb-bc-662T-VUNS-93LX,-1.61464696650406,47.9437779951374
bdnb-bc-BWUB-YG9E-HH14,-1.60605902829118,48.08551197344
bdnb-bc-4WPJ-5LAA-G45D,-1.82548006406812,48.3823050326315
bdnb-bc-2K13-NQJ4-U2Z1,-1.72353099873947,48.1779670404534
bdnb-bc-21E3-JTBP-PQN4,-1.98356397750977,48.2171230314334
bdnb-bc-NLMU-KA6Q-15AZ,-1.12139896379651,48.3353070253002
bdnb-bc-9BSX-FDA3-ZD7W,-1.86770794400437,48.1266079722141
bdnb-bc-DMYQ-QCPN-4A73,-1.69896001596003,48.042369018078
bdnb-bc-8XQ4-Y2H5-XRBU,-1.56177595452026,48.2384199846052
bdnb-bc-DNZP-H278-MC6Q,-1.38890493314052,48.1102729782694
bdnb-bc-Z936-AFVU-L2W7,-1.39594899379414,48.1165410420639
bdnb-bc-CDEU-JGGY-31ZX,-1.46289293715336,48.0428870300092
bdnb-bc-RW1U-EZJR-SUZ2,-1.50465199408242,48.0431059933831
bdnb-bc-16K4-K3WS-VFKD,-1.24050794912286,48.4415180260821
bdnb-bc-1XUP-R12H-YGGN,-1.78463499957671,48.0540829947051
bdnb-bc-7X5K-V212-DXTX,-1.25777399432013,47.8538979779388
bdnb-bc-Q669-CGAK-CELC,-1.63224601832446,48.210828018778
bdnb-bc-VF9W-74EX-HYAC,-1.85109296572267,48.1820190022114
bdnb-bc-5H2K-TYE6-MTUC,-1.73908894833118,48.4222909849445
bdnb-bc-N2XK-E1HE-NX6R,-1.7259529617699,48.4173210060047
bdnb-bc-TNV4-F3T8-N23H,-1.33284699844093,48.0714681494284
bdnb-bc-H1KZ-XJ81-8NEW,-1.50333004072609,47.8893389683586
bdnb-bc-3KHC-YG6C-FV1P,-1.66514106365174,48.4281900005281
bdnb-bc-6BSR-U9SK-BRKL,-2.07623504184207,48.6276739826929
bdnb-bc-E4KF-2JMN-WB6J,-2.07561199961223,48.6315429715635
bdnb-bc-N6ZB-6UTW-X89E,-2.04573796792346,48.6203899983216
bdnb-bc-X1T2-XS4F-52H1,-2.06280293635474,48.6266640107136
bdnb-bc-2DH9-SMFE-RSHK,-1.77486698307232,48.531114028895
bdnb-bc-QDEY-DFC4-MKWT,-1.71915199977315,48.5241439944041
bdnb-bc-WHSR-K3XP-NV31,-1.39224195798153,48.0709209597021
bdnb-bc-WD4A-6YMT-JKQD,-1.69235602607882,47.7563509825139
bdnb-bc-3KVV-KDZJ-AWL7,-1.36785498342737,48.1921360316554
bdnb-bc-RT4G-DXGX-7DEK,-1.67963100279232,48.4894789839631
bdnb-bc-NNM4-SAAV-XJ9V,-1.5591170637361,47.8309310105614
bdnb-bc-ZV13-LJ6E-LR2A,-1.42460301440335,47.9585409729784
bdnb-bc-VPJ5-YL4X-MTRY,-1.65103302090609,48.3276960239401
bdnb-bc-5R2T-X3VY-AKVN,-1.20551197763502,48.3673600082245
bdnb-bc-D8FM-NK81-W465,-1.18325098452053,48.3445299560667
bdnb-bc-MSSV-6CTY-N8GB,-1.19994096728464,48.3508569835294
bdnb-bc-WVBZ-2J1C-Q12S,-1.19415099183034,48.3560579664724
bdnb-bc-S67W-F69D-7E97,-1.83410594658247,48.5845469605722
bdnb-bc-MZB3-6BL4-AGL2,-1.55389555041476,48.288244897205
bdnb-bc-FCJP-YE7C-YT7C,-1.81747003819877,48.1772730430108
bdnb-bc-DQ99-6EUE-4FSV,-1.44380201490281,48.2374339727429
bdnb-bc-3MPA-8UGC-FDYD,-1.81892496245282,48.0061300168687
bdnb-bc-YTRE-1PL1-AA65,-1.85217798305862,48.0034939889752
bdnb-bc-449G-BKZR-HPEG,-1.23681897953209,47.9412849593129
bdnb-bc-WEZP-C9GK-QRD4,-1.22666505822412,47.9358660017203
bdnb-bc-CUY6-25H4-1KTD,-1.8060729835674,47.9675909700691
bdnb-bc-SQUZ-8SA2-76BW,-1.78696804601184,47.9704309655318
bdnb-bc-CLQF-T2DL-6Z75,-1.84087899210596,47.9368389788506
bdnb-bc-G6ZV-9XQK-QW2J,-1.7591440219449,48.2900369574371
bdnb-bc-4MZZ-ZETR-RCJF,-1.81890003430405,48.1273709904776
bdnb-bc-9KV5-XM6X-3GTY,-1.81094806540847,48.6019279957136
bdnb-bc-F9E9-KWZE-FC1J,-2.03182395248004,48.1317200341323
bdnb-bc-D9W5-RQME-BGQE,-1.95019493884928,48.25017702016
bdnb-bc-A7W4-92CW-VZR7,-1.50119595522084,47.9501850464787
bdnb-bc-R7V9-8VVN-EF16,-1.51290396651297,47.9600689874317
bdnb-bc-UF7Y-8Y8J-TC8E,-1.22215902593896,48.3295839904708
bdnb-bc-E5T8-329U-H2H5,-1.72459996820736,47.9820969717291
bdnb-bc-67JX-VM8Z-9FP7,-1.27822403708125,48.158831038325
bdnb-bc-NP69-CFQV-USMJ,-1.85260194461725,48.246145044282
bdnb-bc-5HRH-N8VE-G9A5,-1.87021297670411,47.9808650021881
bdnb-bc-H1WZ-RYE3-ZB15,-1.22416906726118,48.3560620239409
bdnb-bc-36CP-ZPJ4-WQB1,-1.52440698719688,48.2006950049406
bdnb-bc-GCRJ-6ZBZ-T693,-1.51725206146727,48.1865080112219
bdnb-bc-XMN6-YY9C-6TDG,-1.5128280535402,48.210104990734
bdnb-bc-YZCH-AZKN-7AGY,-1.88150702274706,47.8658200397056
bdnb-bc-SYQY-J4VJ-UYQK,-1.35388298200971,48.0436020094144
bdnb-bc-QRWU-7BSD-PFCP,-1.11655903434383,48.4807849946188
bdnb-bc-K6ZR-X1LF-KJ27,-1.60228394734571,48.383709968424
bdnb-bc-BJHU-YQ4B-E8VY,-1.32609697160868,47.8289719814827
bdnb-bc-9E3F-S5PX-LT4N,-1.91426893537196,47.8808929891409
bdnb-bc-29YG-CTCD-9C9H,-2.03165506598743,47.9828240417516
bdnb-bc-MC8J-XRDJ-DVUE,-2.06423302718572,48.2673319822548
bdnb-bc-4QRD-XKFN-7D5Z,-1.69701894915996,48.2177110167625
bdnb-bc-Q1NC-NN4R-HDN1,-1.69257995067717,48.2182039862085
bdnb-bc-QUHP-RBAD-M59L,-1.93443798481192,47.8900410213649
bdnb-bc-BST4-9CLX-DNCF,-1.80591305965308,47.845604024853
bdnb-bc-RGJU-5SJ9-U18G,-1.82498399521062,47.8218470250564
bdnb-bc-BHBM-GZW9-BXT9,-1.75396294488544,48.216274008173
bdnb-bc-G3P4-NYDF-CQZ2,-1.43042694630547,48.300380973134
bdnb-bc-JUKW-WXXY-VA9Q,-1.88239600120613,48.4993170417133
bdnb-bc-B2PE-7K7L-M842,-2.01480605342556,48.5800609731421
bdnb-bc-7W5V-HJ4X-QP1G,-2.04443195275589,48.1951369669363
bdnb-bc-VTLH-679T-3YM2,-2.06025295587144,48.2281639744268
bdnb-bc-WVBB-94XC-APM1,-1.98790896916938,48.0638059829038
bdnb-bc-LSLG-5J9S-NGVC,-1.96702705413403,48.1342199618818
bdnb-bc-JED4-Z4WK-3MF4,-1.71861005894097,48.156231040833
bdnb-bc-NY46-WD8W-XBHT,-1.30872303122831,48.4423709783809
bdnb-bc-F5CY-2KCH-EN8X,-1.23356399046303,48.1535749681296
bdnb-bc-3UH2-BPV6-2C7U,-1.85240004669827,48.115005991038
bdnb-bc-Q3QN-Z6T5-GPSN,-1.81377696155119,48.0841060012805
bdnb-bc-KUQL-X8KZ-LFS8,-1.37487905876623,48.0053840256853
bdnb-bc-TRJ4-6DWJ-Z2BV,-1.73936605198886,47.8027499831409
bdnb-bc-W3UC-MP45-Z6JN,-1.5455089477108,48.0366459629397
bdnb-bc-FKMT-2F5Y-DBYV,-1.66755894124187,48.032306016914
bdnb-bc-68CR-XKNP-LB6W,-1.53129494718892,48.116205008009
bdnb-bc-X1BU-CCV7-1ZDG,-1.51929503679567,48.11092100475
bdnb-bc-QJDX-28UX-S71J,-1.6618560276041,47.9939059879357
bdnb-bc-9Q12-71JL-CMQ9,-1.77526402698007,48.1781780335534
bdnb-bc-QN8D-YNCV-53N2,-1.78372594776438,48.1474589935985
bdnb-bc-GNCN-FDF4-XDZF,-2.12493093435489,48.0280740092505
bdnb-bc-6RTG-VJUY-578B,-1.19212406171742,48.4286210303076
bdnb-bc-PQCW-6EB5-B4YA,-1.03703801480341,48.0246510241682
bdnb-bc-FMAV-PRVR-8VXS,-1.99581998601766,47.8483039785117
bdnb-bc-DEP6-LJ61-9A9B,-1.43381397750925,48.0092020458741
bdnb-bc-H8QX-KU86-9EPZ,-1.77258303116632,47.8895410065412
bdnb-bc-Y7VV-TM49-7MCV,-1.61507703175739,48.5081663668431
bdnb-bc-TL4Z-TFWK-QFFY,-2.11205793108223,47.9959129714602
bdnb-bc-WGLW-HT27-PKEQ,-1.85956405076168,48.5185270366116
bdnb-bc-1LMZ-4LSD-HZBN,-1.90414729355287,48.1674461449061
bdnb-bc-3A9M-ABKK-Y3YG,-2.0432279373257,48.5946290178385
bdnb-bc-JHMC-FPV7-R3DX,-2.02587596534383,48.5870870442035
bdnb-bc-DS6C-FTVR-441R,-1.28837696955137,48.1261750431786
bdnb-bc-AFQ3-1UFF-5Q15,-1.8252209527416,48.347203010906
bdnb-bc-RZQ6-ZFJ4-SZFJ,-1.24595606014587,47.9201769544249
bdnb-bc-DKZY-CYFJ-CRW9,-2.06248802710303,47.6709330364437
bdnb-bc-USV4-MZ2N-89XF,-2.08559596054588,47.647552991535
bdnb-bc-1G2M-9MVX-S1LY,-1.69557801520328,48.105607010894
bdnb-bc-3DJN-UGDT-9LAK,-1.64913305752069,48.0831039647373
bdnb-bc-5AKL-CDXT-S7HA,-1.6869200381385,48.1180570014509
bdnb-bc-77Z6-A2JU-WJDK,-1.67933194998226,48.1103990159487
bdnb-bc-99R5-R93R-W5R5,-1.65563605091866,48.0827679677603
bdnb-bc-BCMX-S54L-HR7U,-1.65627797047568,48.1405120181069
bdnb-bc-DHQV-P7T1-UTWG,-1.64881901876837,48.0872800412936
bdnb-bc-FPHK-EBUX-QVDF,-1.70266398263725,48.1110029895278
bdnb-bc-HXJH-JF69-T743,-1.68787996602459,48.095541027207
bdnb-bc-L32D-TR5C-ECLG,-1.68756102695562,48.0984179688231
bdnb-bc-NEUN-HTYA-GFA1,-1.65974201350971,48.1189130250083
bdnb-bc-QUVZ-LAWG-PBGK,-1.67122999845598,48.1338580190604
bdnb-bc-TDU1-X5QP-E3KU,-1.64653400561575,48.0863359675283
bdnb-bc-VVUR-2D1T-7VHL,-1.65625803421758,48.1001340048269
bdnb-bc-YG23-HHJF-X6BH,-1.69153099171402,48.1291000098244
bdnb-bc-B9HB-KQKA-ZU83,-1.3589500606653,47.927885985324
bdnb-bc-3QZD-CMSB-QF55,-1.79693998194858,48.1033309768929
bdnb-bc-Q1RQ-TQ89-YDT9,-1.80117694365733,48.1061020056731
bdnb-bc-KHF8-97DK-A3G5,-2.04560863698198,48.6078534919146
bdnb-bc-NT1Q-CUKJ-MEEU,-1.24463804873171,48.3671639678329
bdnb-bc-LW9Z-PC78-MLND,-1.90789396098656,48.2184260207317
bdnb-bc-BPM9-CUC3-W9GD,-1.5909819511029,48.589378971236
bdnb-bc-7L3J-7TAH-6ELB,-1.58948596530032,48.0101350450274
bdnb-bc-HXLH-DTUX-ANE5,-1.56930001361164,48.2502799986571
bdnb-bc-7E15-824A-4EWV,-1.39781095663409,48.2583599752492
bdnb-bc-H8FQ-372J-YT1B,-1.85308195484008,48.6187409599545
bdnb-bc-FZD8-ZA1V-B5XH,-2.11879803388364,48.6198470385841
bdnb-bc-2VSN-8N8N-FR7R,-1.3677820458906,48.4137860247385
bdnb-bc-Q23M-M4ZX-D75Q,-1.37271425325819,48.3975200345363
bdnb-bc-VHQX-PET6-CD2L,-1.25820698092092,48.2264489867597
bdnb-bc-MUJ9-MN6F-UQK8,-1.95055894842865,48.6723030053884
bdnb-bc-4WLB-SP7R-B1Q2,-1.87771006330901,48.3719199838064
bdnb-bc-HRTM-T51C-3JSG,-1.66984603733828,48.0158899861871
bdnb-bc-JQAK-F4QC-9MCK,-1.24122397820027,48.5094150321495
bdnb-bc-U88X-8DWK-YSB9,-1.26738696165411,48.4073019739207
bdnb-bc-KLTZ-CXKG-YY48,-1.83729603329553,48.1521970040803
bdnb-bc-4H6R-2YQK-PQ6F,-1.68588293401579,48.161424974226
bdnb-bc-LT6H-3KC7-X9B1,-1.69476195427937,48.1478630364081
bdnb-bc-MXXG-R4G5-W222,-1.90444096619837,48.5820870407626
bdnb-bc-CL5Y-ZMCH-T9GU,-1.71776904924103,48.0787259917238
bdnb-bc-4VAU-G2JK-FTRQ,-1.31096306379091,48.2987809641765
bdnb-bc-PXMY-2NKZ-MFV3,-1.35936395636113,48.1161050079306
