regime,id,sha256,role,prefix,staged_file
current,gtfs-ar-bus-landerneau-daoulas-transport,62a3728cdf4dd36a06a344da78f973fe47b114e629cef0180ac59b6a36c581bc,primary-current,"",ar-bus-landerneau-daoulas-transport.zip
current,gtfs-arrets-horaires-et-circuits-des-lignes-de-transports-al,badde0e7b35e846afceed74b0f82d7e04d9b96b0a37c1ab235813b482c4ae3ed,primary-current,"",arrets-horaires-et-circuits-des-lignes-de-transports-aleop-1.zip
current,gtfs-arrets-horaires-et-circuits-des-lignes-de-transports-en,1f6f3752a3cd57c34629959447d461dda699793cc20970ad983edd8dbf803891,primary-current,"",arrets-horaires-et-circuits-des-lignes-de-transports-en-commun-en-pays-de-la-loire-gtfs-destineo-reseaux-aom-aleop-1.zip
current,gtfs-bacs-de-ecouflant-cantenay-epinard-et-pruille,fb08df47b1e59fead48989d22f12c7de6426bdb4884824c9c24ac2f3633a05ef,primary-current,"",bacs-de-ecouflant-cantenay-epinard-et-pruille.zip
current,gtfs-base-de-donnees-multimodale-des-reseaux-de-transport-pu,3f0d758331d51eb52c8f49959eca37569ddcf43037c0cf50634c724a535d660d,primary-current,"",base-de-donnees-multimodale-des-reseaux-de-transport-public-normands.zip
current,gtfs-base-de-donnees-multimodale-transports-publics-en-breta,807c5666fc963d66ab5d17d6931c52b6b76fa77c879955ee813f3c71bd9f1705,primary-current,"",base-de-donnees-multimodale-transports-publics-en-bretagne-korrigo-gtfs.zip
current,gtfs-breizhgo-35-experimentation,54bc2a99a60e4b0df491cb5c8cc37d1ad2abc717efa5bb2a120290758c325500,primary-current,"",breizhgo-35-experimentation.zip
current,gtfs-breizhgo-ter,84d2f9a10c0d754b98c2189bd1baec068f590f29d4ef9fc8f442c49286ce13b1,primary-current,"",breizhgo-ter.zip
current,gtfs-donnees-theoriques-du-reseau-urbain-de-flers-agglo-au-f,4fac5f7a7bf5d8a297a2dea6edbbcc5068d573ef43dc0d4c6be33b26062bf202,primary-current,"",donnees-theoriques-du-reseau-urbain-de-flers-agglo-au-format-gtfs.zip
current,gtfs-finistair-region-bretagne,2bc337c62aeb16a18bf2d17066af77966f6f15327de1cff421e79401e0a26fe6,primary-current,"",finistair-region-bretagne.zip
current,gtfs-horaires-des-traversees-brittany-ferries,1b020e54a8b9a2b186fe22a7c8e86d68256421b18e58c3d4990de111f87a6e4e,primary-current,"",horaires-des-traversees-brittany-ferries.zip
current,gtfs-horaires-theoriques-et-temps-reel-des-bus-et-tramways-c,0e979f9c6cd7ef82407f771351538cdcefcf50964390d78251c3545ffcd7acf9,primary-current,"",horaires-theoriques-et-temps-reel-des-bus-et-tramways-circulant-sur-le-territoire-de-brest-metropole.zip
current,gtfs-lineotim-morlaix-communaute,74da2b32c9b79f839d5212968410ccc649551bea2f2b764a0e9232292e7cc77f,primary-current,"",lineotim-morlaix-communaute.zip
current,gtfs-navette-a-la-voile-pour-les-glenan,bef4a06dfa030bfb0f7ffeead0bcb3dbcfb477b91e7a82c4fe6e2f2f5d733f96,primary-current,"",navette-a-la-voile-pour-les-glenan.zip
current,gtfs-offre-de-transport-du-reseau-de-laval-agglomeration-gtf,246b24369d5a7d6f01024f18948108a6522cb3e3123f3bec75237836c99dbfdb,primary-current,"",offre-de-transport-du-reseau-de-laval-agglomeration-gtfs.zip
current,gtfs-kiceo,7d0c0a827be68d13752e2ea8bb52154f9934fd28e1c99166db87ee1ec5fa0df1,primary-current,"",reseau-urbain-kiceo.zip
current,gtfs-versions-des-horaires-theoriques-des-lignes-de-bus-et-d,2430af8d231c046b6dc326814af66e9f648be9f20234842f39f465d2d46adb70,primary-current,"",versions-des-horaires-theoriques-des-lignes-de-bus-et-de-metro-du-reseau-star-dans-les-formats-gtfs-et-netex-ainsi-que-les-urls-dacces-au-gtfs-rt-1__83282.zip
current,gtfsx_aleop,2e6002070ce218e79b32bf15338e12e01c63bd8f88098814cb5f9ec2ff1d0841,derived-namespaced,aleop,aleop__arrets-horaires-et-circuits-des-lignes-de-transports-aleop-1.zip
current,gtfsx_arbus,b90d60f70ecf43b9a6e7059451e1807c7bad2a26c52b02bf6e54aa60b93c8643,derived-namespaced,arbus,arbus__ar-bus-landerneau-daoulas-transport.zip
current,gtfsx_argen,9d4f1aba7eebfa78d4beb1389a015afe179af65a4285bb5dee77e3752309f2aa,derived-namespaced,argen,argen__argentanbus-argentan-intercom.zip
current,gtfsx_arz,7af5abf5de26c5c9b1fc083033831db6943a6f2b3cb5d67b0415ea1f3b8254b1,derived-namespaced,arz,arz__breizhgo-bateaux__81478.zip
current,gtfsx_bacs44,c75d717290002d73d4e89e949dedfdfe931333f8d3512a363759c108ac0d9184,derived-namespaced,bacs44,bacs44__horaires-des-bacs-de-loire-en-loire-atlantique-gtfs.zip
current,gtfsx_bacsec,73252b4d84c58f045e665184c92d6ea10df44073e71cc50be871d386820aea12,derived-namespaced,bacsec,bacsec__bacs-de-ecouflant-cantenay-epinard-et-pruille.zip
current,gtfsx_bferry,f1ba0aeb54a0fed6306deed3f3da4fdd666564f082f55f749a536725c9d4412e,derived-namespaced,bferry,bferry__horaires-des-traversees-brittany-ferries.zip
current,gtfsx_bgc22,e3038dd25cb70aedda8a364870a8d040d705d263f7f6e9d5d52c03b05378f707,derived-namespaced,bgc22,bgc22__breizhgo-car__81461.zip
current,gtfsx_bgc29,2a8768a5917174bb0a779570b3621b3d71804e83da22775cdfe51984b777705f,derived-namespaced,bgc29,bgc29__breizhgo-car__81462.zip
current,gtfsx_bgc35,62b7d794b9dd4c6b5f314d3d6b6e9fcb28cbf247372baea87fca66bea96a12e8,derived-namespaced,bgc35,bgc35__breizhgo-35-experimentation.zip
current,gtfsx_bgc35dup,3215b1349fc1ee719a9294f99c6ae006c1716a8d0ee96596aa9c11832f30f7ec,derived-namespaced,bgc35dup,bgc35dup__breizhgo-car__81463.zip
current,gtfsx_bgc56,81fe5526179d1989d2f241223df164eb16f74172c5bb6f28b9bc669cf475323f,derived-namespaced,bgc56,bgc56__breizhgo-car__81464.zip
current,gtfsx_bgter,1637129e9aadadc829b4d224cd68085a52b12f878cd62f12a35702c775bd6c72,derived-namespaced,bgter,bgter__breizhgo-ter.zip
current,gtfsx_bibus,b59db6b058c8d9799f5fdb8940f7bf634c9e27c2d68f0da02a1ee4460af528d4,derived-namespaced,bibus,bibus__horaires-theoriques-et-temps-reel-des-bus-et-tramways-circulant-sur-le-territoire-de-brest-metropole.zip
current,gtfsx_breh,f83fde32ab32a8d9da43ad6693574db15a505e49c69d3db61c37c99bb6d2a39e,derived-namespaced,breh,breh__breizhgo-bateaux__81479.zip
current,gtfsx_cholet,c48a756f6ca62654b6605abd397aeef5ea1d69a70f9d3b20b50726bd887cc07a,derived-namespaced,cholet,cholet__horaires-theoriques-reseau-choletbus.zip
current,gtfsx_coralie,7da5815fc3af075229fedc25225ba9dbad183156047cd417348faa44617f3f06,derived-namespaced,coralie,coralie__coralie-concarneau-cornouaille-agglomeration-transport.zip
current,gtfsx_des,6a26dc5d534dfd13b5013b8be536b7f0653c37f7e3c8581141c2648ee8f37e55,derived-namespaced,des,des__arrets-horaires-et-circuits-des-lignes-de-transports-en-commun-en-pays-de-la-loire-gtfs-destineo-reseaux-aom-aleop-1.zip
current,gtfsx_dinamo,eed8bc320bb267f71d626a90e1cd611bb6cbf489587ab5cb7aa057fa4c989c42,derived-namespaced,dinamo,dinamo__reseau-urbain-dinamo.zip
current,gtfsx_distribus,7d0515f452f6858666d20a553c1e39bd0fd954d761ce79c6c05469a5244ee663,derived-namespaced,distribus,distribus__reseau-urbain-distribus.zip
current,gtfsx_finair,35fb5c03a5383abe4d2683bfd2a660ef23ce1879539f82531e4bb742ea7ff29d,derived-namespaced,finair,finair__finistair-region-bretagne.zip
current,gtfsx_flers,cda1309c2f22d4dc4ed5546833a9e507c18de55095f6ee3a6c13b90297979b80,derived-namespaced,flers,flers__donnees-theoriques-du-reseau-urbain-de-flers-agglo-au-format-gtfs.zip
current,gtfsx_glazgo,0007d6b8c80d33cd3c3db51e47b0364ecdd1dc44cd8b81f1c861a8376330478e,derived-namespaced,glazgo,glazgo__reseau-urbain-glazgo.zip
current,gtfsx_glenan,679fa1b48cffd431375a84fa905e5f1901069c5537bd27805bcbe05f0f6dd8f3,derived-namespaced,glenan,glenan__navette-a-la-voile-pour-les-glenan.zip
current,gtfsx_gpm,1b6db6c62095d4b33825f86da78fca9f4e939ee6083bb85c32a3fffa755ec6b9,derived-namespaced,gpm,gpm__reseau-urbain-scolaire-guingamp-paimpol-mobilite.zip
current,gtfsx_ile56,c9397e21a30ab18049141cecf36257b9e3008d8764d7378ecdcaf3c0354bb0b0,derived-namespaced,ile56,ile56__breizhgo-bateaux__81481.zip
current,gtfsx_izilo,55c36c83b86d3e2af488d4194a0c28b5406efb336e61f6b2d99f0006673e7908,derived-namespaced,izilo,izilo__horaires-theoriques-du-reseau-izilo-format-gtfs-de-lorient-agglomeration.zip
current,gtfsx_kiceo,12a153f21ca7b2495c8d923ebdae446025709f8f460e2e91f15c4156aabc403f,derived-namespaced,kiceo,kiceo__reseau-urbain-kiceo.zip
current,gtfsx_kor,7124db0ed6bf7fcfe3674ecdda66c0c5c3a5c5914c95891f42b78c50591faa5f,derived-namespaced,kor,kor__base-de-donnees-multimodale-transports-publics-en-bretagne-korrigo-gtfs.zip
current,gtfsx_laval,1f1c5aee6685f4dbd2846bbf21fb27810980789e2556fa52490f6604d6ed6785,derived-namespaced,laval,laval__offre-de-transport-du-reseau-de-laval-agglomeration-gtfs.zip
current,gtfsx_lineotim,c6adbeb8424338d4ccc1e5144b813c80e22ff0b71ebf258ed7a0df23307794d7,derived-namespaced,lineotim,lineotim__lineotim-morlaix-communaute.zip
current,gtfsx_mat,3e1847650f31299ad2204147ef7aeb9cd679feb72cc01abc7b9f60ca7bff1fe5,derived-namespaced,mat,mat__reseau-urbain-mat.zip
current,gtfsx_maybus,b1519da59e303c126acb4094b403936a6782ba263612ff936c2b4d51d99ca9cc,derived-namespaced,maybus,maybus__horaires-theoriques-et-temps-reel-du-reseau-maybus-mayenne-gtfs-gtfs-rt.zip
current,gtfsx_nemus,f9183f5d1034abb969be39272aee5338bff6c17591a8763705d031bba3453d9b,derived-namespaced,nemus,nemus__reseau-nemus.zip
current,gtfsx_neva,3c035a6559236822cc8dcea7b9f027052309381df748f16abaf33400ffb932db,derived-namespaced,neva,neva__neva-granville-terre-et-mer.zip
current,gtfsx_nomad,3b1ba65f6e8ca6ffe4c4920ab10ef676d1bd1d35bd65b7447ce71376eea2fc63,derived-namespaced,nomad,nomad__nomad-car-region-normandie.zip
current,gtfsx_norm,74d3f9d18625c5eac6004ac08d16831d0c16e00bf509e44581dc13a8145f6863,derived-namespaced,norm,norm__base-de-donnees-multimodale-des-reseaux-de-transport-public-normands.zip
current,gtfsx_pabmar,b84a531dd6c6684fb5490be6d8b0044f930cec56d3659076751a66faa2681edb,derived-namespaced,pabmar,pabmar__breizhgo-bateaux__81480.zip
current,gtfsx_pondibus,4866a386b348683a06f72c47d2fe855e978eccb456c5c1f65e117f4fb4ea7130,derived-namespaced,pondibus,pondibus__reseau-urbain-pondibus.zip
current,gtfsx_ponto,7f5ab0f10a683f0af0954191288c32bf4f06b9f8bb0535be76dc208f4c7d17cf,derived-namespaced,ponto,ponto__navette-pontorson-le-mont-saint-michel.zip
current,gtfsx_qub,14a189d860ef8e70dc64502963f56e512bfdd5c56b4222fa6a78c395ddf22ff3,derived-namespaced,qub,qub__horaires-theoriques-et-du-reseau-de-transports-qub-transports-urbains-de-quimper-bretagne-occidentale.zip
current,gtfsx_star,c42b5d5777bf0b55453fcec84175d6f86b136057afff2ae2e59ede9c09dc2c7e,derived-namespaced,star,star__versions-des-horaires-theoriques-des-lignes-de-bus-et-de-metro-du-reseau-star-dans-les-formats-gtfs-et-netex-ainsi-que-les-urls-dacces-au-gtfs-rt-1.zip
current,gtfsx_surf,4ab5767bf69f2b75d5ea3d8b0906d10453790b9d03ab1bfaf64187311bb3f367,derived-namespaced,surf,surf__reseau-urbain-surf.zip
current,gtfsx_tbk,a310e2a0270d47a01b3dd846cfdf1689898b3a5870199e9bab3066e819744231,derived-namespaced,tbk,tbk__tbk-offre-theorique-et-temps-reel-du-reseau-de-transports-du-pays-de-quimperle.zip
current,gtfsx_tilt,ae2208cc8fff16e8d91472b5d012963b2d0be025ee9ee34fe5ed54c9636d6014,derived-namespaced,tilt,tilt__tilt-lannion-tregor-communaute.zip
current,gtfsx_tub,99b1cf5365b66e4ee17835bde88f7e0d9450e4026a8aa08d4b14406063e26aae,derived-namespaced,tub,tub__gtfs-du-reseau-de-transports-publics-de-saint-brieuc-armor-agglomeration.zip
current,gtfsx_tudbus,38299daaba64b18fefe5cf0cfb77c977278facf9b62ec9039a1e700fbb0a3228,derived-namespaced,tudbus,tudbus__tudbus-douarnenez-communaute-transport.zip
current,gtfsx_vitre,d0efe7d9f04c45d553803f6ccd203d158f5ebb04f8f629dddadb4c4468055a3d,derived-namespaced,vitre,vitre__reseau-urbain-ville-de-vitre.zip
